date,year,doy,T2M,T2M_MAX,T2M_MIN,PRECTOTCORR
2021-01-01,2021,1,24.4,32.4,17.3,0.0
2021-01-02,2021,2,21.4,33.4,14.0,2.5
2021-01-03,2021,3,25.4,32.2,15.6,0.0
2021-01-04,2021,4,26.4,24.2,24.2,0.0
2021-01-05,2021,5,19.2,32.2,11.8,0.0
2021-01-06,2021,6,20.4,32.1,12.2,0.0
2021-01-07,2021,7,23.2,30.1,16.0,0.0
2021-01-08,2021,8,24.8,30.1,10.5,2.6
2021-01-09,2021,9,22.7,29.9,15.8,0.0
2021-01-10,2021,10,25.8,25.2,9.0,0.0
2021-01-11,2021,11,20.5,30.1,12.5,15.6
2021-01-12,2021,12,10.7,30.8,8.6,0.0
2021-01-13,2021,13,19.5,18.1,21.1,10.9
2021-01-14,2021,14,26.0,33.5,18.6,8.2
2021-01-15,2021,15,23.5,28.5,11.2,0.0
2021-01-16,2021,16,14.6,34.5,8.6,0.0
2021-01-17,2021,17,17.7,31.5,16.2,0.0
2021-01-18,2021,18,29.4,28.9,13.1,1.2
2021-01-19,2021,19,19.6,29.0,8.2,0.0
2021-01-20,2021,20,27.0,28.1,19.4,0.0
2021-01-21,2021,21,26.2,30.9,17.2,0.0
2021-01-22,2021,22,25.4,32.9,13.1,0.0
2021-01-23,2021,23,17.2,22.9,15.8,0.0
2021-01-24,2021,24,22.9,33.4,17.5,5.4
2021-01-25,2021,25,19.3,28.4,15.7,2.6
2021-01-26,2021,26,18.2,33.1,11.3,0.0
2021-01-27,2021,27,15.7,25.1,12.4,0.0
2021-01-28,2021,28,28.6,26.4,22.3,0.9
2021-01-29,2021,29,24.4,29.6,18.8,0.0
2021-01-30,2021,30,27.0,24.0,19.9,0.0
2021-01-31,2021,31,26.0,26.4,12.0,0.0
2021-02-01,2021,32,28.1,31.3,23.4,0.0
2021-02-02,2021,33,24.4,33.6,17.7,0.0
2021-02-03,2021,34,22.3,29.8,19.5,0.0
2021-02-04,2021,35,18.1,34.9,21.0,0.0
2021-02-05,2021,36,22.4,25.5,21.3,0.0
2021-02-06,2021,37,25.4,20.3,13.3,0.2
2021-02-07,2021,38,15.7,34.1,16.1,5.2
2021-02-08,2021,39,21.3,29.8,21.1,0.0
2021-02-09,2021,40,23.9,40.4,20.3,3.2
2021-02-10,2021,41,25.8,25.1,22.4,4.5
2021-02-11,2021,42,25.9,33.1,17.9,0.0
2021-02-12,2021,43,23.9,33.4,17.6,6.9
2021-02-13,2021,44,34.7,36.8,20.1,0.0
2021-02-14,2021,45,32.8,37.3,9.6,1.8
2021-02-15,2021,46,36.7,29.5,21.5,0.0
2021-02-16,2021,47,16.9,34.0,18.0,0.0
2021-02-17,2021,48,26.7,24.5,14.9,0.0
2021-02-18,2021,49,25.1,39.7,20.3,0.0
2021-02-19,2021,50,24.3,27.4,22.7,4.1
2021-02-20,2021,51,27.7,33.9,22.8,0.0
2021-02-21,2021,52,30.2,36.8,12.1,0.0
2021-02-22,2021,53,24.3,40.0,23.9,6.0
2021-02-23,2021,54,22.0,31.1,20.4,0.0
2021-02-24,2021,55,32.4,38.8,28.8,0.0
2021-02-25,2021,56,33.8,40.1,25.1,8.6
2021-02-26,2021,57,27.3,26.8,20.3,0.0
2021-02-27,2021,58,30.3,29.9,28.2,0.0
2021-02-28,2021,59,25.1,33.9,22.9,0.0
2021-03-01,2021,60,32.0,37.6,22.6,0.9
2021-03-02,2021,61,26.0,40.0,23.0,0.0
2021-03-03,2021,62,23.8,33.4,26.6,4.6
2021-03-04,2021,63,34.1,31.6,25.4,0.0
2021-03-05,2021,64,28.4,44.3,25.9,0.0
2021-03-06,2021,65,29.1,40.0,18.9,0.0
2021-03-07,2021,66,29.8,41.3,30.7,0.0
2021-03-08,2021,67,30.8,36.2,37.3,5.0
2021-03-09,2021,68,37.2,33.9,24.3,0.0
2021-03-10,2021,69,45.8,45.5,28.1,0.0
2021-03-11,2021,70,29.2,37.1,30.7,4.4
2021-03-12,2021,71,34.7,36.9,23.8,5.6
2021-03-13,2021,72,31.1,45.4,23.8,1.8
2021-03-14,2021,73,29.4,45.5,27.6,2.0
2021-03-15,2021,74,39.6,44.5,33.4,0.0
2021-03-16,2021,75,47.0,40.9,34.9,0.0
2021-03-17,2021,76,40.3,37.8,28.5,0.0
2021-03-18,2021,77,48.0,48.2,33.0,0.0
2021-03-19,2021,78,32.4,47.9,26.3,2.1
2021-03-20,2021,79,39.6,46.3,34.6,5.0
2021-03-21,2021,80,42.4,43.9,30.6,0.0
2021-03-22,2021,81,30.2,53.1,30.6,0.0
2021-03-23,2021,82,46.1,48.8,31.5,7.0
2021-03-24,2021,83,41.9,46.7,32.2,0.0
2021-03-25,2021,84,43.4,43.6,22.0,0.0
2021-03-26,2021,85,45.2,48.8,33.6,0.0
2021-03-27,2021,86,42.2,44.2,36.5,0.0
2021-03-28,2021,87,40.7,45.1,36.8,0.0
2021-03-29,2021,88,47.5,50.2,29.9,0.0
2021-03-30,2021,89,37.6,42.9,26.4,0.0
2021-03-31,2021,90,36.9,41.3,34.0,0.0
2021-04-01,2021,91,39.8,55.2,25.5,0.0
2021-04-02,2021,92,39.5,52.2,36.9,0.0
2021-04-03,2021,93,35.9,46.9,36.0,0.0
2021-04-04,2021,94,55.8,53.1,38.9,0.0
2021-04-05,2021,95,37.0,57.0,36.6,13.6
2021-04-06,2021,96,47.1,50.0,38.7,0.0
2021-04-07,2021,97,53.9,43.8,47.2,1.9
2021-04-08,2021,98,56.5,49.4,38.2,4.7
2021-04-09,2021,99,52.4,51.0,34.6,0.0
2021-04-10,2021,100,42.8,55.3,45.3,0.0
2021-04-11,2021,101,38.9,57.6,43.7,0.0
2021-04-12,2021,102,43.1,54.3,51.4,7.0
2021-04-13,2021,103,45.5,51.5,40.0,2.9
2021-04-14,2021,104,42.3,59.1,37.9,0.0
2021-04-15,2021,105,47.8,57.5,44.8,0.0
2021-04-16,2021,106,45.5,63.7,46.4,11.5
2021-04-17,2021,107,55.7,63.8,43.6,0.0
2021-04-18,2021,108,54.6,55.0,41.8,0.0
2021-04-19,2021,109,49.2,53.1,38.7,0.0
2021-04-20,2021,110,61.2,63.7,34.4,0.0
2021-04-21,2021,111,47.3,64.0,42.0,0.0
2021-04-22,2021,112,39.8,62.2,50.2,1.1
2021-04-23,2021,113,48.1,56.2,48.2,0.0
2021-04-24,2021,114,56.1,64.5,45.6,3.8
2021-04-25,2021,115,63.0,56.3,43.4,7.8
2021-04-26,2021,116,52.2,64.6,52.6,0.0
2021-04-27,2021,117,52.2,66.3,48.2,0.0
2021-04-28,2021,118,49.4,59.7,39.2,0.0
2021-04-29,2021,119,62.8,60.5,48.0,11.4
2021-04-30,2021,120,60.8,61.4,50.0,6.3
2021-05-01,2021,121,55.0,73.1,51.7,10.4
2021-05-02,2021,122,55.4,63.9,50.4,0.0
2021-05-03,2021,123,52.1,55.7,54.6,4.8
2021-05-04,2021,124,51.9,66.4,53.1,15.2
2021-05-05,2021,125,49.3,61.4,51.0,14.1
2021-05-06,2021,126,64.4,60.7,55.4,0.0
2021-05-07,2021,127,48.6,69.3,53.8,0.0
2021-05-08,2021,128,65.8,70.1,47.7,16.8
2021-05-09,2021,129,55.9,61.5,51.6,0.0
2021-05-10,2021,130,71.7,68.1,53.8,0.0
2021-05-11,2021,131,59.9,69.7,60.5,0.0
2021-05-12,2021,132,69.3,67.8,53.9,3.6
2021-05-13,2021,133,63.3,67.7,58.8,0.0
2021-05-14,2021,134,63.6,69.0,53.0,0.0
2021-05-15,2021,135,63.7,64.4,50.9,0.0
2021-05-16,2021,136,66.8,67.7,62.9,5.7
2021-05-17,2021,137,77.3,63.6,53.0,0.0
2021-05-18,2021,138,64.9,69.7,51.3,0.0
2021-05-19,2021,139,71.4,70.9,54.7,0.0
2021-05-20,2021,140,66.4,69.8,53.7,0.0
2021-05-21,2021,141,63.5,68.5,59.5,0.0
2021-05-22,2021,142,69.7,66.0,62.1,0.0
2021-05-23,2021,143,59.3,78.9,53.6,0.0
2021-05-24,2021,144,69.3,74.3,54.6,0.0
2021-05-25,2021,145,64.8,67.8,57.4,0.0
2021-05-26,2021,146,77.9,82.4,63.8,0.0
2021-05-27,2021,147,58.7,74.6,64.5,0.0
2021-05-28,2021,148,65.5,84.0,58.3,0.0
2021-05-29,2021,149,72.0,76.5,56.7,0.0
2021-05-30,2021,150,66.2,79.6,64.9,0.0
2021-05-31,2021,151,76.7,78.6,61.9,2.8
2021-06-01,2021,152,77.2,77.3,66.3,0.0
2021-06-02,2021,153,66.8,71.2,60.7,0.0
2021-06-03,2021,154,71.1,76.2,55.7,0.0
2021-06-04,2021,155,71.3,71.9,62.7,0.0
2021-06-05,2021,156,77.9,78.7,62.0,0.0
2021-06-06,2021,157,63.3,81.9,63.3,21.1
2021-06-07,2021,158,72.2,81.4,64.1,0.0
2021-06-08,2021,159,70.9,76.7,63.2,0.0
2021-06-09,2021,160,75.4,82.4,64.0,0.0
2021-06-10,2021,161,71.1,82.6,54.0,0.0
2021-06-11,2021,162,71.0,82.5,66.9,0.0
2021-06-12,2021,163,71.8,83.4,67.5,0.0
2021-06-13,2021,164,76.6,77.4,66.1,0.0
2021-06-14,2021,165,80.4,79.8,65.6,0.0
2021-06-15,2021,166,59.2,83.0,69.9,0.0
2021-06-16,2021,167,76.4,88.1,69.3,65.7
2021-06-17,2021,168,74.3,83.6,67.8,29.0
2021-06-18,2021,169,74.1,79.6,72.3,0.0
2021-06-19,2021,170,74.6,85.0,71.0,49.4
2021-06-20,2021,171,75.9,79.4,65.5,0.0
2021-06-21,2021,172,77.6,90.4,72.2,0.0
2021-06-22,2021,173,84.9,85.8,65.2,0.0
2021-06-23,2021,174,70.0,84.4,67.1,0.0
2021-06-24,2021,175,69.6,77.6,69.3,0.0
2021-06-25,2021,176,74.1,85.1,64.3,0.0
2021-06-26,2021,177,74.9,87.1,67.6,0.0
2021-06-27,2021,178,73.0,86.3,68.1,0.0
2021-06-28,2021,179,77.6,79.9,66.7,19.5
2021-06-29,2021,180,82.5,86.2,64.6,0.0
2021-06-30,2021,181,72.3,89.4,71.3,0.0
2021-07-01,2021,182,75.6,81.9,69.5,0.0
2021-07-02,2021,183,80.5,76.8,65.5,0.0
2021-07-03,2021,184,75.9,86.8,72.6,0.0
2021-07-04,2021,185,77.5,80.2,73.2,44.7
2021-07-05,2021,186,80.9,93.2,71.3,0.0
2021-07-06,2021,187,78.0,86.7,74.6,28.5
2021-07-07,2021,188,77.0,79.0,70.2,0.0
2021-07-08,2021,189,71.4,85.7,75.4,0.0
2021-07-09,2021,190,72.0,83.8,73.1,36.6
2021-07-10,2021,191,72.4,83.3,65.9,0.0
2021-07-11,2021,192,78.9,89.9,74.5,0.0
2021-07-12,2021,193,72.9,83.3,71.2,0.0
2021-07-13,2021,194,80.9,84.3,72.8,0.0
2021-07-14,2021,195,83.0,92.1,72.6,45.6
2021-07-15,2021,196,77.9,84.4,57.0,0.0
2021-07-16,2021,197,78.9,91.9,74.8,0.0
2021-07-17,2021,198,90.3,90.2,63.6,0.0
2021-07-18,2021,199,77.3,82.1,71.5,0.0
2021-07-19,2021,200,82.5,82.3,67.7,6.1
2021-07-20,2021,201,74.8,87.1,74.9,0.0
2021-07-21,2021,202,83.1,91.8,66.7,0.0
2021-07-22,2021,203,72.7,81.3,68.6,0.0
2021-07-23,2021,204,82.8,79.0,63.8,0.0
2021-07-24,2021,205,79.5,77.9,67.7,12.9
2021-07-25,2021,206,79.8,84.9,68.5,0.0
2021-07-26,2021,207,75.9,82.9,71.3,0.0
2021-07-27,2021,208,76.8,88.5,71.8,2.0
2021-07-28,2021,209,79.8,84.3,64.7,0.8
2021-07-29,2021,210,70.9,87.1,68.1,16.9
2021-07-30,2021,211,75.5,82.4,68.8,0.0
2021-07-31,2021,212,69.3,80.1,68.6,0.0
2021-08-01,2021,213,74.2,84.9,66.6,0.0
2021-08-02,2021,214,72.8,81.7,72.3,0.0
2021-08-03,2021,215,66.3,92.1,66.6,0.0
2021-08-04,2021,216,71.3,83.2,64.6,0.0
2021-08-05,2021,217,87.3,84.2,66.3,26.3
2021-08-06,2021,218,74.4,80.6,73.0,0.0
2021-08-07,2021,219,78.6,87.4,64.1,0.0
2021-08-08,2021,220,63.3,80.5,70.2,0.0
2021-08-09,2021,221,80.8,78.7,75.3,0.0
2021-08-10,2021,222,74.9,80.2,66.5,0.0
2021-08-11,2021,223,73.7,79.3,61.0,3.5
2021-08-12,2021,224,82.2,86.5,68.2,4.9
2021-08-13,2021,225,70.4,85.0,71.0,6.7
2021-08-14,2021,226,70.5,79.4,62.2,0.0
2021-08-15,2021,227,82.8,79.1,66.6,0.0
2021-08-16,2021,228,66.7,73.0,71.9,15.4
2021-08-17,2021,229,73.8,82.4,69.8,0.0
2021-08-18,2021,230,69.8,75.4,65.9,15.0
2021-08-19,2021,231,71.7,87.6,63.8,0.0
2021-08-20,2021,232,78.2,87.7,62.8,0.0
2021-08-21,2021,233,71.3,89.7,61.7,0.0
2021-08-22,2021,234,78.3,77.7,58.1,0.0
2021-08-23,2021,235,78.0,78.1,67.4,8.3
2021-08-24,2021,236,76.8,78.5,67.9,0.9
2021-08-25,2021,237,72.3,82.7,67.1,0.0
2021-08-26,2021,238,78.6,80.1,65.1,0.0
2021-08-27,2021,239,70.1,74.7,68.5,8.0
2021-08-28,2021,240,82.3,85.8,66.6,0.0
2021-08-29,2021,241,74.0,81.1,57.3,0.0
2021-08-30,2021,242,77.0,74.1,65.0,0.0
2021-08-31,2021,243,71.3,75.8,67.4,8.9
2021-09-01,2021,244,70.0,79.7,58.4,0.0
2021-09-02,2021,245,75.0,75.1,57.1,0.0
2021-09-03,2021,246,64.0,75.4,62.3,28.6
2021-09-04,2021,247,67.7,73.4,63.3,0.0
2021-09-05,2021,248,57.0,67.5,57.8,0.0
2021-09-06,2021,249,68.5,72.7,59.9,0.0
2021-09-07,2021,250,66.0,68.8,56.4,12.2
2021-09-08,2021,251,64.1,75.1,58.2,7.8
2021-09-09,2021,252,62.2,76.7,60.4,0.0
2021-09-10,2021,253,68.2,73.6,56.6,0.0
2021-09-11,2021,254,59.4,70.3,64.9,8.6
2021-09-12,2021,255,55.8,75.0,56.1,0.0
2021-09-13,2021,256,66.0,69.0,55.8,0.0
2021-09-14,2021,257,61.7,74.0,59.2,0.0
2021-09-15,2021,258,67.4,74.7,52.9,0.0
2021-09-16,2021,259,62.6,76.5,59.0,0.0
2021-09-17,2021,260,73.3,69.1,51.6,0.0
2021-09-18,2021,261,58.9,68.9,56.6,0.0
2021-09-19,2021,262,61.4,64.4,56.1,0.0
2021-09-20,2021,263,61.9,66.0,67.6,0.0
2021-09-21,2021,264,61.7,67.1,58.2,0.0
2021-09-22,2021,265,49.5,74.2,60.3,0.0
2021-09-23,2021,266,52.0,64.0,54.7,4.6
2021-09-24,2021,267,64.9,71.0,50.3,0.0
2021-09-25,2021,268,60.3,73.1,50.8,0.0
2021-09-26,2021,269,57.6,75.9,55.5,0.0
2021-09-27,2021,270,50.9,67.4,49.8,0.0
2021-09-28,2021,271,63.7,60.2,52.5,3.4
2021-09-29,2021,272,59.5,66.5,50.5,0.0
2021-09-30,2021,273,56.2,61.1,50.0,0.0
2021-10-01,2021,274,54.1,63.1,48.3,0.0
2021-10-02,2021,275,59.0,69.4,48.2,14.3
2021-10-03,2021,276,63.6,72.8,42.2,0.0
2021-10-04,2021,277,50.7,56.3,60.8,12.0
2021-10-05,2021,278,54.6,58.8,53.3,0.0
2021-10-06,2021,279,58.2,58.6,46.8,0.0
2021-10-07,2021,280,53.8,60.3,46.4,0.0
2021-10-08,2021,281,50.1,66.1,55.6,0.0
2021-10-09,2021,282,51.6,59.2,48.9,10.6
2021-10-10,2021,283,55.8,58.3,42.1,12.0
2021-10-11,2021,284,57.3,55.8,41.9,0.0
2021-10-12,2021,285,45.9,62.6,45.9,0.0
2021-10-13,2021,286,48.8,61.2,45.9,11.5
2021-10-14,2021,287,44.5,46.6,37.1,0.0
2021-10-15,2021,288,51.2,58.9,45.4,0.0
2021-10-16,2021,289,43.7,54.8,49.1,0.0
2021-10-17,2021,290,47.7,55.9,40.1,0.0
2021-10-18,2021,291,46.4,53.2,41.8,0.0
2021-10-19,2021,292,44.7,54.0,38.9,0.0
2021-10-20,2021,293,41.4,48.7,36.0,6.0
2021-10-21,2021,294,53.7,53.3,41.7,0.0
2021-10-22,2021,295,41.9,50.8,36.8,0.0
2021-10-23,2021,296,43.6,56.8,45.2,0.0
2021-10-24,2021,297,49.3,54.9,41.2,0.0
2021-10-25,2021,298,42.3,57.8,42.7,0.0
2021-10-26,2021,299,49.8,54.5,37.0,0.0
2021-10-27,2021,300,48.6,50.4,39.3,0.0
2021-10-28,2021,301,36.2,50.7,36.0,0.0
2021-10-29,2021,302,42.3,49.3,27.8,0.0
2021-10-30,2021,303,50.5,49.1,34.0,0.0
2021-10-31,2021,304,39.9,50.0,37.1,0.0
2021-11-01,2021,305,44.3,50.6,29.3,0.0
2021-11-02,2021,306,44.0,45.9,37.4,0.0
2021-11-03,2021,307,32.2,44.7,34.2,0.0
2021-11-04,2021,308,41.6,48.3,33.1,4.0
2021-11-05,2021,309,41.4,49.3,32.3,0.0
2021-11-06,2021,310,44.8,46.7,34.7,2.9
2021-11-07,2021,311,29.2,43.7,29.3,3.7
2021-11-08,2021,312,38.0,48.0,38.9,0.0
2021-11-09,2021,313,36.1,40.4,35.6,6.0
2021-11-10,2021,314,36.9,50.9,33.9,6.2
2021-11-11,2021,315,34.2,50.8,27.4,0.0
2021-11-12,2021,316,38.8,45.1,30.0,0.0
2021-11-13,2021,317,36.6,45.3,24.2,5.7
2021-11-14,2021,318,35.1,50.9,34.2,0.0
2021-11-15,2021,319,36.1,44.0,28.6,0.0
2021-11-16,2021,320,33.5,34.3,26.7,0.0
2021-11-17,2021,321,30.6,39.5,32.9,0.0
2021-11-18,2021,322,26.3,34.4,27.0,5.5
2021-11-19,2021,323,30.2,42.1,27.1,5.1
2021-11-20,2021,324,33.4,43.3,30.0,0.0
2021-11-21,2021,325,42.4,45.0,22.2,0.0
2021-11-22,2021,326,28.3,36.7,26.4,0.0
2021-11-23,2021,327,28.1,36.3,24.5,0.0
2021-11-24,2021,328,34.2,42.6,33.3,0.0
2021-11-25,2021,329,28.5,34.4,24.0,0.0
2021-11-26,2021,330,22.6,36.1,25.1,0.0
2021-11-27,2021,331,33.6,33.7,24.5,0.0
2021-11-28,2021,332,29.3,44.1,17.6,0.0
2021-11-29,2021,333,32.7,31.0,23.0,0.0
2021-11-30,2021,334,30.4,34.4,22.5,0.0
2021-12-01,2021,335,42.6,37.6,18.6,5.4
2021-12-02,2021,336,29.8,47.3,24.4,0.0
2021-12-03,2021,337,26.3,39.8,23.8,0.0
2021-12-04,2021,338,27.5,28.7,29.6,1.7
2021-12-05,2021,339,16.4,39.3,11.1,11.1
2021-12-06,2021,340,26.1,26.8,24.0,6.7
2021-12-07,2021,341,24.2,34.9,25.7,0.0
2021-12-08,2021,342,30.1,23.6,22.3,0.0
2021-12-09,2021,343,32.0,39.1,12.6,0.0
2021-12-10,2021,344,20.7,36.3,16.7,0.0
2021-12-11,2021,345,30.5,28.8,20.9,3.5
2021-12-12,2021,346,28.0,33.4,24.9,0.0
2021-12-13,2021,347,34.8,34.5,20.6,0.0
2021-12-14,2021,348,25.7,36.6,17.4,0.0
2021-12-15,2021,349,29.7,29.2,17.9,0.0
2021-12-16,2021,350,20.7,36.8,16.7,1.4
2021-12-17,2021,351,30.1,36.2,26.3,0.0
2021-12-18,2021,352,25.0,28.2,15.1,0.0
2021-12-19,2021,353,34.5,32.0,17.9,0.0
2021-12-20,2021,354,21.1,30.0,20.3,0.0
2021-12-21,2021,355,21.6,33.0,16.3,0.0
2021-12-22,2021,356,19.9,25.3,24.8,0.0
2021-12-23,2021,357,23.5,29.5,17.3,4.4
2021-12-24,2021,358,35.2,25.8,13.6,1.0
2021-12-25,2021,359,31.7,29.6,15.4,0.0
2021-12-26,2021,360,30.8,27.4,15.8,0.0
2021-12-27,2021,361,24.9,28.0,21.8,0.0
2021-12-28,2021,362,24.7,34.8,19.4,0.0
2021-12-29,2021,363,20.2,30.4,10.5,0.0
2021-12-30,2021,364,10.0,37.2,8.2,2.1
2021-12-31,2021,365,24.3,32.6,22.6,6.8
2022-01-01,2022,1,28.2,32.8,17.0,0.0
2022-01-02,2022,2,13.1,31.7,8.9,0.0
2022-01-03,2022,3,18.1,30.3,22.4,0.0
2022-01-04,2022,4,26.2,31.8,8.2,1.1
2022-01-05,2022,5,13.4,30.0,25.7,0.0
2022-01-06,2022,6,24.1,35.2,16.8,0.0
2022-01-07,2022,7,25.4,25.9,19.8,0.0
2022-01-08,2022,8,24.6,26.9,15.1,0.0
2022-01-09,2022,9,20.3,35.8,12.2,0.0
2022-01-10,2022,10,24.4,29.2,20.0,14.2
2022-01-11,2022,11,25.4,31.7,17.7,0.0
2022-01-12,2022,12,24.1,31.7,17.6,7.0
2022-01-13,2022,13,15.2,34.0,19.1,0.0
2022-01-14,2022,14,21.8,26.9,18.4,8.5
2022-01-15,2022,15,25.4,26.8,15.4,0.0
2022-01-16,2022,16,18.0,34.6,12.9,0.0
2022-01-17,2022,17,21.8,33.6,17.8,0.0
2022-01-18,2022,18,17.7,20.0,12.9,13.7
2022-01-19,2022,19,27.5,31.1,13.3,5.4
2022-01-20,2022,20,19.3,28.9,17.1,0.0
2022-01-21,2022,21,16.1,24.6,14.4,2.2
2022-01-22,2022,22,21.4,23.5,14.3,0.0
2022-01-23,2022,23,24.5,30.0,24.9,0.0
2022-01-24,2022,24,23.9,27.8,20.9,0.0
2022-01-25,2022,25,17.2,30.8,14.7,0.0
2022-01-26,2022,26,27.0,29.6,12.9,0.0
2022-01-27,2022,27,22.6,28.1,16.5,0.0
2022-01-28,2022,28,19.6,22.5,16.0,0.0
2022-01-29,2022,29,18.2,30.0,13.5,4.7
2022-01-30,2022,30,19.8,36.7,10.7,8.7
2022-01-31,2022,31,7.0,26.7,14.2,0.0
2022-02-01,2022,32,13.3,30.6,18.0,0.0
2022-02-02,2022,33,15.6,27.0,15.2,0.0
2022-02-03,2022,34,25.0,34.3,25.0,0.0
2022-02-04,2022,35,29.0,36.5,6.9,0.0
2022-02-05,2022,36,24.8,27.4,19.3,0.0
2022-02-06,2022,37,23.0,36.2,15.5,0.0
2022-02-07,2022,38,24.1,28.4,15.9,0.0
2022-02-08,2022,39,22.7,23.5,13.0,0.0
2022-02-09,2022,40,30.4,30.0,13.8,0.0
2022-02-10,2022,41,34.4,27.0,18.1,0.0
2022-02-11,2022,42,18.3,29.8,12.5,10.1
2022-02-12,2022,43,36.7,31.7,22.5,0.0
2022-02-13,2022,44,27.4,35.0,17.8,0.0
2022-02-14,2022,45,28.7,34.9,15.7,0.0
2022-02-15,2022,46,22.0,33.6,18.9,0.0
2022-02-16,2022,47,32.5,34.7,18.4,0.0
2022-02-17,2022,48,19.9,37.3,24.0,0.0
2022-02-18,2022,49,32.0,32.9,17.6,0.0
2022-02-19,2022,50,22.0,34.0,24.1,18.5
2022-02-20,2022,51,23.8,35.0,24.1,0.0
2022-02-21,2022,52,20.5,34.4,24.3,0.0
2022-02-22,2022,53,26.8,34.9,15.1,0.0
2022-02-23,2022,54,33.9,36.1,16.8,0.0
2022-02-24,2022,55,27.4,30.7,24.0,0.0
2022-02-25,2022,56,33.6,37.7,24.9,0.0
2022-02-26,2022,57,32.8,37.8,21.4,0.0
2022-02-27,2022,58,33.7,34.5,18.7,0.0
2022-02-28,2022,59,28.4,38.8,22.7,0.0
2022-03-01,2022,60,28.6,37.2,24.5,5.4
2022-03-02,2022,61,25.8,36.2,22.9,0.0
2022-03-03,2022,62,32.1,39.7,25.4,0.0
2022-03-04,2022,63,29.7,33.6,20.8,0.0
2022-03-05,2022,64,41.2,43.9,25.8,0.0
2022-03-06,2022,65,39.0,41.1,28.9,2.8
2022-03-07,2022,66,36.7,34.8,28.6,1.6
2022-03-08,2022,67,36.8,43.9,24.2,0.0
2022-03-09,2022,68,43.8,45.4,27.3,0.0
2022-03-10,2022,69,47.2,40.9,31.3,0.0
2022-03-11,2022,70,35.6,33.7,23.9,0.0
2022-03-12,2022,71,35.5,40.0,23.9,0.0
2022-03-13,2022,72,33.9,37.5,29.1,0.0
2022-03-14,2022,73,40.1,40.6,25.4,0.0
2022-03-15,2022,74,29.5,46.2,30.3,15.6
2022-03-16,2022,75,41.7,37.2,32.5,0.0
2022-03-17,2022,76,51.6,44.9,31.4,0.0
2022-03-18,2022,77,42.8,47.8,29.9,0.0
2022-03-19,2022,78,50.8,40.3,35.1,5.8
2022-03-20,2022,79,32.8,42.8,28.5,8.5
2022-03-21,2022,80,27.2,46.0,33.4,0.0
2022-03-22,2022,81,43.2,44.8,30.8,0.0
2022-03-23,2022,82,40.0,50.1,32.9,0.0
2022-03-24,2022,83,45.0,43.4,31.3,0.0
2022-03-25,2022,84,38.9,47.0,27.6,0.0
2022-03-26,2022,85,42.6,46.4,35.6,0.0
2022-03-27,2022,86,40.5,50.3,31.1,0.0
2022-03-28,2022,87,41.9,51.1,36.6,0.0
2022-03-29,2022,88,46.2,56.0,41.5,1.2
2022-03-30,2022,89,32.6,52.1,41.1,1.8
2022-03-31,2022,90,40.3,53.0,36.2,9.6
2022-04-01,2022,91,40.2,49.7,43.7,3.6
2022-04-02,2022,92,41.6,51.0,46.1,11.9
2022-04-03,2022,93,38.3,47.4,39.2,0.0
2022-04-04,2022,94,46.4,54.5,43.9,0.0
2022-04-05,2022,95,39.9,49.6,40.5,0.0
2022-04-06,2022,96,45.0,49.3,34.6,8.6
2022-04-07,2022,97,44.7,52.5,34.9,0.0
2022-04-08,2022,98,41.4,49.4,37.7,0.0
2022-04-09,2022,99,45.1,55.4,38.6,0.0
2022-04-10,2022,100,54.2,55.0,44.1,0.0
2022-04-11,2022,101,51.3,49.9,41.3,1.6
2022-04-12,2022,102,39.8,55.1,40.5,0.0
2022-04-13,2022,103,55.2,59.7,37.5,0.0
2022-04-14,2022,104,47.6,55.0,48.2,0.0
2022-04-15,2022,105,50.2,60.1,46.7,0.0
2022-04-16,2022,106,50.2,58.0,40.9,0.0
2022-04-17,2022,107,54.0,59.1,42.4,0.0
2022-04-18,2022,108,48.4,59.6,35.4,0.0
2022-04-19,2022,109,52.4,56.9,37.8,0.0
2022-04-20,2022,110,55.6,57.6,41.3,12.2
2022-04-21,2022,111,51.6,63.9,47.9,6.5
2022-04-22,2022,112,60.2,60.4,44.5,0.0
2022-04-23,2022,113,55.7,65.2,46.6,0.0
2022-04-24,2022,114,59.1,58.6,51.2,8.4
2022-04-25,2022,115,56.2,60.8,46.1,0.0
2022-04-26,2022,116,63.2,66.3,54.2,0.0
2022-04-27,2022,117,55.7,59.7,46.9,0.0
2022-04-28,2022,118,58.5,59.5,46.1,0.0
2022-04-29,2022,119,56.5,68.1,54.1,16.4
2022-04-30,2022,120,46.6,68.3,46.8,18.7
2022-05-01,2022,121,61.7,60.8,52.8,0.0
2022-05-02,2022,122,57.0,65.4,46.6,0.0
2022-05-03,2022,123,64.9,65.0,53.2,0.0
2022-05-04,2022,124,65.4,69.3,56.6,11.9
2022-05-05,2022,125,60.2,67.0,54.3,9.6
2022-05-06,2022,126,53.5,64.8,49.1,0.0
2022-05-07,2022,127,57.9,67.8,50.8,0.0
2022-05-08,2022,128,65.1,77.8,54.5,0.0
2022-05-09,2022,129,64.1,69.3,51.2,0.0
2022-05-10,2022,130,69.8,69.2,64.7,4.4
2022-05-11,2022,131,63.1,69.2,57.6,0.0
2022-05-12,2022,132,55.0,65.2,57.5,3.1
2022-05-13,2022,133,61.9,66.6,57.4,0.0
2022-05-14,2022,134,63.4,73.4,51.0,0.0
2022-05-15,2022,135,70.0,70.5,61.6,3.2
2022-05-16,2022,136,65.7,71.4,58.7,0.0
2022-05-17,2022,137,66.1,76.8,53.3,6.7
2022-05-18,2022,138,54.3,70.2,55.3,0.0
2022-05-19,2022,139,58.9,68.9,54.3,0.0
2022-05-20,2022,140,71.8,74.0,60.6,0.0
2022-05-21,2022,141,67.0,70.3,63.3,0.0
2022-05-22,2022,142,67.2,74.4,59.3,0.0
2022-05-23,2022,143,78.0,85.6,65.5,19.1
2022-05-24,2022,144,73.7,76.4,56.8,5.2
2022-05-25,2022,145,69.3,77.9,59.0,0.0
2022-05-26,2022,146,66.0,72.0,63.5,0.0
2022-05-27,2022,147,56.3,67.2,48.7,0.0
2022-05-28,2022,148,68.2,86.1,57.5,0.0
2022-05-29,2022,149,70.7,69.1,63.0,0.0
2022-05-30,2022,150,69.2,76.1,69.9,0.0
2022-05-31,2022,151,73.9,83.9,66.4,7.4
2022-06-01,2022,152,69.0,80.3,63.9,0.0
2022-06-02,2022,153,77.0,81.3,57.0,0.0
2022-06-03,2022,154,68.9,74.6,66.3,0.0
2022-06-04,2022,155,71.9,76.1,63.5,0.0
2022-06-05,2022,156,71.5,73.5,59.6,0.0
2022-06-06,2022,157,64.8,76.1,60.9,0.0
2022-06-07,2022,158,71.4,84.1,69.5,0.0
2022-06-08,2022,159,74.1,77.5,67.0,0.0
2022-06-09,2022,160,69.5,76.3,71.7,0.0
2022-06-10,2022,161,63.4,82.5,68.2,0.0
2022-06-11,2022,162,73.9,82.0,69.4,0.0
2022-06-12,2022,163,71.0,76.9,69.7,0.0
2022-06-13,2022,164,73.6,79.7,62.5,0.0
2022-06-14,2022,165,62.2,84.7,65.9,2.7
2022-06-15,2022,166,81.2,79.0,66.3,8.1
2022-06-16,2022,167,75.0,83.8,65.9,25.6
2022-06-17,2022,168,74.3,85.1,70.6,0.0
2022-06-18,2022,169,71.3,83.1,66.9,0.0
2022-06-19,2022,170,75.4,87.0,64.4,0.0
2022-06-20,2022,171,81.2,82.0,70.7,52.2
2022-06-21,2022,172,64.0,85.5,64.2,14.5
2022-06-22,2022,173,75.5,81.4,66.2,0.0
2022-06-23,2022,174,76.8,87.4,67.6,0.0
2022-06-24,2022,175,77.1,74.6,72.4,0.0
2022-06-25,2022,176,76.4,83.7,64.6,0.0
2022-06-26,2022,177,72.6,86.5,72.4,0.0
2022-06-27,2022,178,83.4,80.5,74.2,0.0
2022-06-28,2022,179,80.2,85.7,64.7,0.0
2022-06-29,2022,180,69.6,74.5,75.1,0.0
2022-06-30,2022,181,71.2,86.9,68.5,0.0
2022-07-01,2022,182,73.3,87.4,70.0,0.0
2022-07-02,2022,183,80.9,83.8,68.2,0.0
2022-07-03,2022,184,73.6,86.6,76.9,0.0
2022-07-04,2022,185,80.9,97.3,73.9,0.0
2022-07-05,2022,186,76.4,82.7,72.7,47.7
2022-07-06,2022,187,80.5,84.1,75.6,0.0
2022-07-07,2022,188,79.8,77.3,69.4,8.4
2022-07-08,2022,189,72.7,84.5,69.3,0.0
2022-07-09,2022,190,83.8,86.4,79.4,0.0
2022-07-10,2022,191,71.2,88.0,70.7,13.4
2022-07-11,2022,192,72.6,78.9,68.6,0.0
2022-07-12,2022,193,84.8,89.6,70.5,0.0
2022-07-13,2022,194,76.0,84.8,74.5,0.0
2022-07-14,2022,195,70.7,79.3,71.4,16.8
2022-07-15,2022,196,78.9,90.9,72.0,0.0
2022-07-16,2022,197,79.5,74.3,67.1,39.7
2022-07-17,2022,198,84.0,85.2,72.6,0.0
2022-07-18,2022,199,77.5,88.8,71.9,0.0
2022-07-19,2022,200,71.3,88.9,73.4,0.0
2022-07-20,2022,201,75.3,86.6,79.0,0.0
2022-07-21,2022,202,81.5,86.5,71.0,0.0
2022-07-22,2022,203,78.3,86.4,77.3,8.7
2022-07-23,2022,204,75.6,86.9,68.7,0.0
2022-07-24,2022,205,88.2,88.3,67.4,0.0
2022-07-25,2022,206,80.9,79.7,71.0,0.0
2022-07-26,2022,207,85.2,81.9,66.6,30.2
2022-07-27,2022,208,72.6,84.5,74.2,0.0
2022-07-28,2022,209,74.0,84.4,71.1,0.0
2022-07-29,2022,210,81.0,82.7,72.1,7.2
2022-07-30,2022,211,84.0,75.3,74.9,0.5
2022-07-31,2022,212,79.7,84.3,71.4,0.0
2022-08-01,2022,213,73.5,87.2,71.4,0.0
2022-08-02,2022,214,76.7,85.8,72.2,29.4
2022-08-03,2022,215,72.1,86.0,77.5,0.0
2022-08-04,2022,216,82.1,87.6,67.7,0.0
2022-08-05,2022,217,70.0,74.8,65.9,0.0
2022-08-06,2022,218,75.6,89.3,72.2,0.0
2022-08-07,2022,219,75.8,83.4,65.1,7.8
2022-08-08,2022,220,81.5,80.8,66.4,0.0
2022-08-09,2022,221,83.1,88.6,72.3,7.0
2022-08-10,2022,222,83.6,80.5,66.2,0.0
2022-08-11,2022,223,75.1,82.4,71.1,0.0
2022-08-12,2022,224,82.0,78.9,67.0,14.6
2022-08-13,2022,225,73.1,81.8,72.2,0.0
2022-08-14,2022,226,71.6,82.1,71.2,4.2
2022-08-15,2022,227,70.5,83.3,70.2,0.0
2022-08-16,2022,228,73.4,81.3,65.4,0.0
2022-08-17,2022,229,70.8,87.5,59.0,1.8
2022-08-18,2022,230,69.7,80.7,69.6,0.0
2022-08-19,2022,231,64.8,81.3,68.4,0.0
2022-08-20,2022,232,78.5,79.1,72.1,0.0
2022-08-21,2022,233,76.9,74.3,66.9,0.0
2022-08-22,2022,234,76.6,78.9,70.9,0.0
2022-08-23,2022,235,76.3,83.6,60.6,0.0
2022-08-24,2022,236,74.4,84.9,64.3,0.0
2022-08-25,2022,237,66.2,81.0,66.3,0.0
2022-08-26,2022,238,66.1,78.6,70.3,0.0
2022-08-27,2022,239,81.0,83.7,62.9,23.5
2022-08-28,2022,240,60.4,82.8,63.3,0.0
2022-08-29,2022,241,69.3,76.2,65.3,0.0
2022-08-30,2022,242,68.3,80.8,65.4,0.0
2022-08-31,2022,243,79.1,78.9,55.4,11.8
2022-09-01,2022,244,64.3,68.1,65.5,0.0
2022-09-02,2022,245,65.7,78.7,57.7,0.0
2022-09-03,2022,246,71.9,81.8,65.2,4.7
2022-09-04,2022,247,68.2,74.0,64.9,0.0
2022-09-05,2022,248,59.6,72.1,56.9,0.0
2022-09-06,2022,249,70.9,68.4,54.0,2.7
2022-09-07,2022,250,66.6,77.3,56.9,0.0
2022-09-08,2022,251,69.5,69.1,67.3,0.0
2022-09-09,2022,252,65.0,79.4,46.4,0.0
2022-09-10,2022,253,65.7,72.3,56.2,3.9
2022-09-11,2022,254,73.4,76.1,57.3,0.0
2022-09-12,2022,255,54.7,66.7,62.3,4.5
2022-09-13,2022,256,62.3,64.7,57.1,0.0
2022-09-14,2022,257,62.0,62.1,62.9,0.0
2022-09-15,2022,258,56.4,64.6,49.5,0.0
2022-09-16,2022,259,61.5,73.4,51.2,0.0
2022-09-17,2022,260,70.3,68.9,58.7,3.8
2022-09-18,2022,261,64.9,71.0,53.3,6.2
2022-09-19,2022,262,73.1,68.2,59.4,0.0
2022-09-20,2022,263,66.3,65.9,55.2,0.0
2022-09-21,2022,264,64.9,66.7,58.2,0.0
2022-09-22,2022,265,59.1,57.0,60.5,0.0
2022-09-23,2022,266,67.2,66.6,56.9,0.0
2022-09-24,2022,267,66.0,66.3,52.6,21.6
2022-09-25,2022,268,61.2,68.0,50.1,0.0
2022-09-26,2022,269,56.2,66.3,50.7,15.7
2022-09-27,2022,270,64.0,62.1,54.8,0.0
2022-09-28,2022,271,60.4,55.3,46.7,0.0
2022-09-29,2022,272,62.8,68.1,47.3,0.0
2022-09-30,2022,273,57.2,66.4,51.2,0.0
2022-10-01,2022,274,58.1,63.9,49.4,12.5
2022-10-02,2022,275,61.5,69.6,51.4,0.0
2022-10-03,2022,276,57.0,70.6,49.7,0.0
2022-10-04,2022,277,51.4,64.3,48.4,0.0
2022-10-05,2022,278,51.3,57.1,57.3,0.0
2022-10-06,2022,279,53.1,61.2,48.2,0.0
2022-10-07,2022,280,56.5,63.7,42.0,2.1
2022-10-08,2022,281,52.4,58.4,55.4,0.0
2022-10-09,2022,282,42.2,58.5,45.2,0.0
2022-10-10,2022,283,51.4,62.2,45.2,0.0
2022-10-11,2022,284,52.2,59.8,42.0,0.0
2022-10-12,2022,285,46.6,52.1,44.8,0.0
2022-10-13,2022,286,47.9,57.2,44.0,4.9
2022-10-14,2022,287,46.4,49.9,43.6,0.0
2022-10-15,2022,288,55.0,53.4,38.6,2.6
2022-10-16,2022,289,54.0,59.1,36.6,0.0
2022-10-17,2022,290,42.5,49.9,43.8,2.8
2022-10-18,2022,291,55.7,51.9,34.9,2.8
2022-10-19,2022,292,44.4,52.8,37.2,0.0
2022-10-20,2022,293,44.4,51.1,41.6,7.3
2022-10-21,2022,294,48.5,51.6,41.8,1.4
2022-10-22,2022,295,39.6,51.9,41.6,0.0
2022-10-23,2022,296,52.6,54.0,39.0,0.0
2022-10-24,2022,297,48.2,57.6,42.1,0.0
2022-10-25,2022,298,52.8,50.8,36.2,0.0
2022-10-26,2022,299,41.6,48.6,45.0,0.0
2022-10-27,2022,300,39.1,52.4,41.3,6.1
2022-10-28,2022,301,47.1,54.7,38.5,5.7
2022-10-29,2022,302,41.3,48.9,35.5,0.0
2022-10-30,2022,303,47.0,50.4,36.1,0.0
2022-10-31,2022,304,45.1,45.8,36.7,4.6
2022-11-01,2022,305,40.6,46.0,31.3,0.0
2022-11-02,2022,306,41.1,52.6,27.9,0.0
2022-11-03,2022,307,42.3,47.4,31.6,1.6
2022-11-04,2022,308,36.8,51.1,32.7,8.0
2022-11-05,2022,309,40.7,56.1,23.7,5.8
2022-11-06,2022,310,45.2,47.1,33.8,0.0
2022-11-07,2022,311,35.1,45.6,33.0,6.2
2022-11-08,2022,312,32.4,42.1,36.3,0.0
2022-11-09,2022,313,41.2,45.6,29.5,2.5
2022-11-10,2022,314,34.9,48.4,23.2,0.0
2022-11-11,2022,315,36.0,55.2,25.8,0.0
2022-11-12,2022,316,36.5,45.0,31.4,0.0
2022-11-13,2022,317,42.1,38.6,26.3,0.0
2022-11-14,2022,318,32.0,47.9,31.4,0.0
2022-11-15,2022,319,33.5,44.3,35.1,0.8
2022-11-16,2022,320,36.9,45.3,26.5,0.0
2022-11-17,2022,321,29.1,38.3,31.7,0.0
2022-11-18,2022,322,34.6,36.6,29.3,0.0
2022-11-19,2022,323,32.0,35.8,27.9,0.0
2022-11-20,2022,324,40.0,41.7,36.9,0.0
2022-11-21,2022,325,36.7,36.3,30.0,0.0
2022-11-22,2022,326,34.5,42.9,25.4,0.0
2022-11-23,2022,327,33.1,42.8,23.8,0.0
2022-11-24,2022,328,32.0,41.5,23.1,6.5
2022-11-25,2022,329,37.2,39.1,24.3,1.9
2022-11-26,2022,330,26.2,41.2,29.0,0.0
2022-11-27,2022,331,26.9,42.1,16.3,0.0
2022-11-28,2022,332,29.3,32.9,27.0,7.5
2022-11-29,2022,333,31.0,40.1,20.3,2.7
2022-11-30,2022,334,21.7,32.1,23.7,0.0
2022-12-01,2022,335,37.6,31.8,16.3,0.0
2022-12-02,2022,336,27.7,35.7,21.5,1.9
2022-12-03,2022,337,33.0,32.9,23.3,0.0
2022-12-04,2022,338,38.9,31.2,26.0,11.6
2022-12-05,2022,339,26.8,33.5,15.5,0.0
2022-12-06,2022,340,28.6,32.1,20.4,0.0
2022-12-07,2022,341,28.5,33.8,19.9,0.0
2022-12-08,2022,342,32.4,32.7,20.1,0.0
2022-12-09,2022,343,29.5,30.9,19.0,0.0
2022-12-10,2022,344,26.5,37.0,22.8,0.0
2022-12-11,2022,345,15.9,32.5,13.9,1.5
2022-12-12,2022,346,28.2,28.4,19.4,0.0
2022-12-13,2022,347,33.4,29.7,21.0,0.0
2022-12-14,2022,348,19.7,34.6,17.2,0.0
2022-12-15,2022,349,27.0,30.8,14.7,0.0
2022-12-16,2022,350,24.6,32.8,18.2,0.0
2022-12-17,2022,351,29.9,35.7,19.6,0.0
2022-12-18,2022,352,29.9,29.6,18.6,3.5
2022-12-19,2022,353,18.0,28.4,7.5,0.0
2022-12-20,2022,354,26.3,25.6,16.3,5.6
2022-12-21,2022,355,25.8,29.9,16.7,0.0
2022-12-22,2022,356,23.6,25.6,18.7,3.1
2022-12-23,2022,357,20.9,30.7,14.9,0.0
2022-12-24,2022,358,21.3,34.4,18.3,0.0
2022-12-25,2022,359,22.9,27.0,22.8,0.0
2022-12-26,2022,360,18.3,27.6,14.2,0.0
2022-12-27,2022,361,27.1,32.5,15.3,0.0
2022-12-28,2022,362,17.9,30.8,11.4,0.0
2022-12-29,2022,363,15.7,28.3,14.9,4.3
2022-12-30,2022,364,16.8,33.0,17.8,0.0
2022-12-31,2022,365,28.4,32.3,8.8,0.0
2023-01-01,2023,1,21.0,25.8,14.3,0.0
2023-01-02,2023,2,26.5,23.4,23.6,6.2
2023-01-03,2023,3,19.7,25.6,20.7,0.0
2023-01-04,2023,4,16.9,38.5,20.1,0.0
2023-01-05,2023,5,20.8,27.3,16.9,0.0
2023-01-06,2023,6,19.4,36.8,15.3,0.0
2023-01-07,2023,7,20.9,31.1,22.3,0.0
2023-01-08,2023,8,23.0,34.3,13.8,0.0
2023-01-09,2023,9,27.7,31.9,19.1,2.6
2023-01-10,2023,10,25.6,31.3,16.7,0.0
2023-01-11,2023,11,29.1,27.7,16.1,0.0
2023-01-12,2023,12,20.5,25.7,14.9,0.0
2023-01-13,2023,13,19.4,27.9,15.8,0.0
2023-01-14,2023,14,17.8,24.6,20.7,1.3
2023-01-15,2023,15,22.7,26.6,16.1,0.0
2023-01-16,2023,16,14.2,22.7,18.2,0.0
2023-01-17,2023,17,17.3,24.6,17.5,7.7
2023-01-18,2023,18,21.6,33.7,11.7,2.5
2023-01-19,2023,19,26.2,31.9,11.5,0.0
2023-01-20,2023,20,32.2,32.1,6.3,0.0
2023-01-21,2023,21,17.1,31.6,13.4,1.1
2023-01-22,2023,22,25.1,27.2,20.9,0.0
2023-01-23,2023,23,21.4,26.6,23.7,3.3
2023-01-24,2023,24,16.5,18.5,19.1,0.0
2023-01-25,2023,25,14.9,31.2,19.3,0.0
2023-01-26,2023,26,17.2,32.1,13.3,0.0
2023-01-27,2023,27,24.4,31.6,14.9,0.0
2023-01-28,2023,28,18.0,37.7,17.9,0.0
2023-01-29,2023,29,24.3,22.0,23.1,0.0
2023-01-30,2023,30,25.4,29.8,19.9,0.0
2023-01-31,2023,31,32.7,33.5,19.5,0.0
2023-02-01,2023,32,20.4,35.7,13.8,0.0
2023-02-02,2023,33,27.2,27.0,13.3,0.0
2023-02-03,2023,34,30.9,30.6,17.0,7.8
2023-02-04,2023,35,20.1,36.6,18.8,0.0
2023-02-05,2023,36,25.7,28.3,18.0,0.0
2023-02-06,2023,37,27.1,41.2,22.4,10.6
2023-02-07,2023,38,24.9,28.5,27.0,0.0
2023-02-08,2023,39,10.8,33.7,22.1,0.0
2023-02-09,2023,40,34.0,36.7,16.9,0.0
2023-02-10,2023,41,28.6,34.9,21.8,2.3
2023-02-11,2023,42,25.8,29.1,19.6,0.0
2023-02-12,2023,43,26.8,36.5,23.5,0.0
2023-02-13,2023,44,25.4,35.6,19.9,0.0
2023-02-14,2023,45,19.9,25.3,14.6,0.0
2023-02-15,2023,46,38.7,27.1,22.4,0.0
2023-02-16,2023,47,29.4,30.3,22.2,8.1
2023-02-17,2023,48,27.0,39.9,15.4,12.2
2023-02-18,2023,49,31.9,31.4,10.8,0.0
2023-02-19,2023,50,28.7,39.9,12.3,0.0
2023-02-20,2023,51,37.9,35.5,24.2,0.0
2023-02-21,2023,52,25.8,37.4,17.9,0.0
2023-02-22,2023,53,34.4,32.7,28.5,0.0
2023-02-23,2023,54,31.9,32.2,21.8,0.0
2023-02-24,2023,55,26.6,29.9,24.8,6.2
2023-02-25,2023,56,30.0,32.1,24.4,0.0
2023-02-26,2023,57,28.0,39.7,18.0,0.0
2023-02-27,2023,58,32.6,44.2,27.4,0.0
2023-02-28,2023,59,30.6,41.2,23.4,0.0
2023-03-01,2023,60,29.4,34.9,24.1,0.0
2023-03-02,2023,61,28.8,36.9,22.9,0.0
2023-03-03,2023,62,31.0,38.7,29.1,2.4
2023-03-04,2023,63,37.9,40.7,26.3,0.0
2023-03-05,2023,64,22.3,35.8,24.0,0.0
2023-03-06,2023,65,29.3,40.0,22.9,0.0
2023-03-07,2023,66,38.1,42.3,26.0,2.3
2023-03-08,2023,67,32.1,37.3,34.3,0.0
2023-03-09,2023,68,28.2,46.6,24.5,0.0
2023-03-10,2023,69,23.4,46.3,24.4,0.0
2023-03-11,2023,70,35.6,42.1,22.5,8.3
2023-03-12,2023,71,34.8,41.7,26.2,0.0
2023-03-13,2023,72,35.7,40.3,29.9,0.0
2023-03-14,2023,73,29.3,42.4,27.1,21.4
2023-03-15,2023,74,31.8,40.5,35.4,0.0
2023-03-16,2023,75,32.6,48.6,32.7,0.0
2023-03-17,2023,76,28.8,41.2,28.5,0.0
2023-03-18,2023,77,36.6,54.8,33.9,0.0
2023-03-19,2023,78,32.4,44.8,31.3,0.0
2023-03-20,2023,79,44.3,50.6,34.0,0.0
2023-03-21,2023,80,39.7,39.7,32.1,0.0
2023-03-22,2023,81,43.0,48.2,31.0,0.0
2023-03-23,2023,82,39.9,45.0,32.8,0.0
2023-03-24,2023,83,45.6,38.6,27.5,0.0
2023-03-25,2023,84,42.9,51.1,31.0,3.8
2023-03-26,2023,85,45.1,48.3,32.6,3.8
2023-03-27,2023,86,37.6,49.8,28.6,0.0
2023-03-28,2023,87,51.9,43.8,42.8,0.0
2023-03-29,2023,88,40.6,53.3,29.2,0.0
2023-03-30,2023,89,41.6,45.4,32.8,0.0
2023-03-31,2023,90,38.6,40.2,33.3,0.0
2023-04-01,2023,91,47.3,45.1,36.7,0.0
2023-04-02,2023,92,56.3,42.9,32.9,0.0
2023-04-03,2023,93,44.7,47.8,32.8,8.8
2023-04-04,2023,94,43.2,54.8,44.6,6.2
2023-04-05,2023,95,43.8,46.6,33.9,0.0
2023-04-06,2023,96,42.9,57.7,36.0,0.0
2023-04-07,2023,97,47.2,53.0,35.8,0.0
2023-04-08,2023,98,51.5,48.8,39.9,0.0
2023-04-09,2023,99,43.1,54.5,39.3,0.0
2023-04-10,2023,100,47.4,54.5,39.2,0.0
2023-04-11,2023,101,52.6,55.6,32.9,0.0
2023-04-12,2023,102,51.8,48.3,48.7,0.0
2023-04-13,2023,103,41.0,59.2,41.4,0.0
2023-04-14,2023,104,60.6,54.2,41.4,0.0
2023-04-15,2023,105,54.1,49.0,44.4,0.0
2023-04-16,2023,106,50.0,58.3,43.1,0.0
2023-04-17,2023,107,52.9,65.5,47.7,0.0
2023-04-18,2023,108,45.9,59.8,43.4,0.0
2023-04-19,2023,109,52.4,64.3,42.5,0.0
2023-04-20,2023,110,45.3,60.5,44.2,12.7
2023-04-21,2023,111,52.7,61.7,49.5,0.0
2023-04-22,2023,112,60.2,59.8,44.5,10.3
2023-04-23,2023,113,52.8,63.7,46.4,0.0
2023-04-24,2023,114,62.4,68.7,46.8,1.7
2023-04-25,2023,115,50.6,58.2,46.9,0.0
2023-04-26,2023,116,51.4,66.4,51.5,3.4
2023-04-27,2023,117,55.7,62.9,40.5,0.0
2023-04-28,2023,118,64.5,66.2,50.0,0.0
2023-04-29,2023,119,59.8,66.3,54.7,0.0
2023-04-30,2023,120,60.6,66.7,59.6,0.8
2023-05-01,2023,121,56.3,58.5,53.1,7.5
2023-05-02,2023,122,60.3,66.8,50.2,0.0
2023-05-03,2023,123,55.9,65.6,54.4,0.0
2023-05-04,2023,124,61.0,70.5,53.2,18.8
2023-05-05,2023,125,57.6,62.7,50.2,0.0
2023-05-06,2023,126,62.8,66.3,51.9,0.0
2023-05-07,2023,127,59.6,68.3,60.5,0.0
2023-05-08,2023,128,62.0,72.1,50.3,0.0
2023-05-09,2023,129,57.4,70.1,58.5,0.0
2023-05-10,2023,130,65.6,68.3,52.0,4.3
2023-05-11,2023,131,56.9,63.7,49.1,6.0
2023-05-12,2023,132,72.5,71.0,53.1,16.4
2023-05-13,2023,133,53.1,68.2,58.6,0.0
2023-05-14,2023,134,63.3,71.0,60.7,0.0
2023-05-15,2023,135,66.2,81.0,54.9,0.0
2023-05-16,2023,136,65.5,64.5,53.5,19.1
2023-05-17,2023,137,62.0,74.7,54.1,0.0
2023-05-18,2023,138,69.4,77.8,52.8,11.9
2023-05-19,2023,139,66.8,70.8,56.9,0.0
2023-05-20,2023,140,62.0,65.8,56.3,0.0
2023-05-21,2023,141,66.8,75.3,61.4,0.0
2023-05-22,2023,142,57.0,77.9,59.3,0.0
2023-05-23,2023,143,63.1,81.3,64.4,0.0
2023-05-24,2023,144,68.6,70.8,60.5,0.0
2023-05-25,2023,145,69.9,71.2,63.3,0.0
2023-05-26,2023,146,70.6,75.2,55.2,0.0
2023-05-27,2023,147,69.5,72.3,56.7,0.0
2023-05-28,2023,148,63.5,79.5,59.4,6.3
2023-05-29,2023,149,73.0,80.7,66.1,6.0
2023-05-30,2023,150,71.0,78.3,67.8,0.0
2023-05-31,2023,151,75.8,71.7,58.9,0.0
2023-06-01,2023,152,65.7,77.5,67.4,0.0
2023-06-02,2023,153,63.4,84.5,61.3,0.0
2023-06-03,2023,154,67.8,77.3,57.7,2.9
2023-06-04,2023,155,76.9,81.2,66.2,0.0
2023-06-05,2023,156,77.1,76.5,67.0,0.0
2023-06-06,2023,157,74.2,77.4,63.6,0.0
2023-06-07,2023,158,68.8,82.5,66.4,7.9
2023-06-08,2023,159,70.3,79.6,67.1,6.3
2023-06-09,2023,160,69.6,84.6,68.4,0.0
2023-06-10,2023,161,81.9,82.3,62.2,0.0
2023-06-11,2023,162,67.2,83.1,71.7,0.0
2023-06-12,2023,163,75.7,79.0,66.0,0.0
2023-06-13,2023,164,84.7,79.3,62.2,0.0
2023-06-14,2023,165,74.2,84.9,59.8,0.0
2023-06-15,2023,166,70.7,79.0,64.4,1.9
2023-06-16,2023,167,88.7,80.4,63.3,0.0
2023-06-17,2023,168,80.5,81.7,72.0,0.0
2023-06-18,2023,169,80.9,82.5,69.7,0.0
2023-06-19,2023,170,79.1,78.9,64.0,11.5
2023-06-20,2023,171,81.6,83.8,69.3,0.0
2023-06-21,2023,172,74.1,82.7,65.6,21.2
2023-06-22,2023,173,76.1,83.1,72.0,0.0
2023-06-23,2023,174,78.0,82.7,67.9,0.0
2023-06-24,2023,175,81.4,83.0,69.6,0.0
2023-06-25,2023,176,79.8,81.9,76.2,0.0
2023-06-26,2023,177,76.5,84.7,74.7,0.0
2023-06-27,2023,178,73.6,81.0,72.9,12.4
2023-06-28,2023,179,74.4,85.4,79.7,0.0
2023-06-29,2023,180,72.3,84.8,67.0,0.0
2023-06-30,2023,181,72.9,81.6,68.3,0.0
2023-07-01,2023,182,76.9,86.8,69.5,0.0
2023-07-02,2023,183,78.6,85.0,72.0,0.0
2023-07-03,2023,184,84.6,91.4,66.8,0.0
2023-07-04,2023,185,87.8,84.8,67.8,0.0
2023-07-05,2023,186,74.0,90.8,75.4,19.4
2023-07-06,2023,187,86.2,91.6,68.5,0.0
2023-07-07,2023,188,80.2,89.2,69.2,0.0
2023-07-08,2023,189,81.0,83.2,65.2,0.0
2023-07-09,2023,190,86.6,82.2,66.1,0.0
2023-07-10,2023,191,82.1,85.1,73.3,0.0
2023-07-11,2023,192,75.2,84.8,64.1,0.0
2023-07-12,2023,193,75.4,92.9,76.3,0.0
2023-07-13,2023,194,76.1,86.6,75.7,5.1
2023-07-14,2023,195,81.0,83.2,70.7,0.0
2023-07-15,2023,196,67.4,81.4,73.9,0.0
2023-07-16,2023,197,84.6,83.9,69.0,0.0
2023-07-17,2023,198,70.6,93.1,64.0,0.0
2023-07-18,2023,199,74.3,87.4,64.4,0.0
2023-07-19,2023,200,82.9,86.4,69.0,0.0
2023-07-20,2023,201,75.1,83.1,66.1,0.0
2023-07-21,2023,202,80.1,84.8,73.5,0.0
2023-07-22,2023,203,78.0,88.4,70.8,0.0
2023-07-23,2023,204,66.7,84.1,69.9,9.1
2023-07-24,2023,205,83.5,91.1,71.2,15.2
2023-07-25,2023,206,81.8,80.9,65.8,0.0
2023-07-26,2023,207,69.1,83.6,72.2,0.0
2023-07-27,2023,208,73.1,84.1,66.3,0.0
2023-07-28,2023,209,72.9,80.7,77.4,0.0
2023-07-29,2023,210,78.2,84.7,73.5,0.0
2023-07-30,2023,211,78.3,81.3,64.1,14.5
2023-07-31,2023,212,66.7,77.4,71.2,0.0
2023-08-01,2023,213,68.8,83.3,75.7,0.0
2023-08-02,2023,214,81.6,87.4,69.9,0.0
2023-08-03,2023,215,70.8,74.7,68.3,12.5
2023-08-04,2023,216,77.6,93.0,69.8,0.0
2023-08-05,2023,217,79.6,86.6,74.9,0.0
2023-08-06,2023,218,86.2,72.7,73.2,13.6
2023-08-07,2023,219,76.7,84.9,77.2,9.6
2023-08-08,2023,220,78.4,86.9,66.1,0.0
2023-08-09,2023,221,85.0,86.5,66.8,0.0
2023-08-10,2023,222,75.2,81.2,72.1,10.4
2023-08-11,2023,223,83.9,80.0,65.5,0.0
2023-08-12,2023,224,69.5,87.6,70.1,0.0
2023-08-13,2023,225,71.9,78.7,64.0,0.0
2023-08-14,2023,226,75.1,73.5,68.1,0.0
2023-08-15,2023,227,84.0,82.2,77.5,5.5
2023-08-16,2023,228,66.2,75.4,68.1,0.0
2023-08-17,2023,229,74.7,79.9,69.9,0.0
2023-08-18,2023,230,67.6,91.0,69.5,4.4
2023-08-19,2023,231,63.5,76.6,63.6,0.0
2023-08-20,2023,232,70.6,80.9,73.0,8.7
2023-08-21,2023,233,68.9,87.0,69.6,5.3
2023-08-22,2023,234,80.8,80.7,61.0,0.0
2023-08-23,2023,235,64.9,79.1,66.5,0.0
2023-08-24,2023,236,69.6,75.4,63.9,0.0
2023-08-25,2023,237,82.2,77.7,66.1,0.0
2023-08-26,2023,238,73.5,76.6,67.1,2.2
2023-08-27,2023,239,68.1,78.5,60.9,9.8
2023-08-28,2023,240,73.1,75.8,70.7,0.0
2023-08-29,2023,241,70.0,78.9,59.9,0.0
2023-08-30,2023,242,61.6,71.8,61.2,0.0
2023-08-31,2023,243,63.9,78.5,61.0,0.0
2023-09-01,2023,244,66.6,74.4,64.8,0.0
2023-09-02,2023,245,70.3,79.1,54.2,0.0
2023-09-03,2023,246,68.4,77.2,56.3,0.0
2023-09-04,2023,247,66.9,74.2,63.8,0.0
2023-09-05,2023,248,68.6,74.3,62.2,0.0
2023-09-06,2023,249,68.4,74.3,61.8,0.0
2023-09-07,2023,250,75.6,81.6,59.9,0.0
2023-09-08,2023,251,67.5,73.0,62.1,7.2
2023-09-09,2023,252,68.4,71.5,58.7,0.0
2023-09-10,2023,253,65.3,71.8,57.7,0.0
2023-09-11,2023,254,64.1,68.8,61.2,2.0
2023-09-12,2023,255,59.0,74.3,65.1,1.1
2023-09-13,2023,256,66.2,75.0,62.2,3.9
2023-09-14,2023,257,66.5,77.4,53.6,0.0
2023-09-15,2023,258,67.7,75.0,51.4,11.6
2023-09-16,2023,259,80.5,67.7,49.5,0.0
2023-09-17,2023,260,68.6,79.0,58.2,0.0
2023-09-18,2023,261,59.6,70.6,48.3,0.0
2023-09-19,2023,262,64.2,67.2,60.0,0.0
2023-09-20,2023,263,64.3,62.0,58.7,0.0
2023-09-21,2023,264,61.9,65.8,58.8,1.1
2023-09-22,2023,265,64.1,63.6,60.6,0.0
2023-09-23,2023,266,60.0,66.8,48.3,0.0
2023-09-24,2023,267,59.4,68.7,46.9,0.0
2023-09-25,2023,268,50.1,71.3,47.8,17.2
2023-09-26,2023,269,60.5,62.7,60.3,0.0
2023-09-27,2023,270,62.9,60.8,52.7,0.0
2023-09-28,2023,271,58.7,67.7,49.1,0.0
2023-09-29,2023,272,49.8,65.3,54.9,0.0
2023-09-30,2023,273,57.0,64.8,46.0,0.0
2023-10-01,2023,274,51.4,64.1,48.6,0.0
2023-10-02,2023,275,53.8,65.6,50.0,0.0
2023-10-03,2023,276,53.8,64.4,44.1,0.0
2023-10-04,2023,277,54.8,58.8,48.5,0.0
2023-10-05,2023,278,67.1,60.7,51.9,0.0
2023-10-06,2023,279,51.7,61.9,44.9,1.4
2023-10-07,2023,280,50.0,62.2,47.4,10.0
2023-10-08,2023,281,53.6,56.9,43.5,0.0
2023-10-09,2023,282,40.0,60.4,46.6,12.6
2023-10-10,2023,283,59.8,59.5,43.3,0.0
2023-10-11,2023,284,54.6,59.5,47.8,0.0
2023-10-12,2023,285,57.2,62.3,40.0,0.0
2023-10-13,2023,286,44.2,58.5,38.6,0.0
2023-10-14,2023,287,45.8,61.1,41.4,2.1
2023-10-15,2023,288,60.3,51.0,40.1,0.0
2023-10-16,2023,289,49.4,56.9,52.2,16.9
2023-10-17,2023,290,44.6,60.2,36.3,0.0
2023-10-18,2023,291,47.1,56.3,42.3,0.0
2023-10-19,2023,292,46.6,57.5,39.2,0.2
2023-10-20,2023,293,45.2,59.3,41.6,2.1
2023-10-21,2023,294,51.6,46.5,41.9,2.2
2023-10-22,2023,295,48.3,54.2,40.3,4.0
2023-10-23,2023,296,45.0,59.3,42.3,0.0
2023-10-24,2023,297,51.8,54.8,39.4,5.4
2023-10-25,2023,298,42.5,50.7,33.8,0.0
2023-10-26,2023,299,42.4,50.8,35.2,0.0
2023-10-27,2023,300,44.7,47.8,38.4,0.0
2023-10-28,2023,301,41.1,52.4,42.6,4.5
2023-10-29,2023,302,42.3,51.8,37.0,0.0
2023-10-30,2023,303,53.6,52.1,34.8,0.0
2023-10-31,2023,304,42.4,47.8,39.8,0.0
2023-11-01,2023,305,43.3,49.7,33.2,8.9
2023-11-02,2023,306,50.2,51.9,35.7,3.9
2023-11-03,2023,307,36.6,49.2,29.0,0.0
2023-11-04,2023,308,38.0,49.8,31.2,0.0
2023-11-05,2023,309,46.6,39.3,35.7,8.4
2023-11-06,2023,310,47.0,42.3,26.9,8.5
2023-11-07,2023,311,40.4,49.6,40.5,0.0
2023-11-08,2023,312,33.9,47.3,39.2,7.0
2023-11-09,2023,313,32.9,44.0,31.3,13.7
2023-11-10,2023,314,37.4,38.7,30.5,0.0
2023-11-11,2023,315,33.7,52.2,30.1,0.0
2023-11-12,2023,316,29.9,42.2,22.0,7.0
2023-11-13,2023,317,31.6,44.0,27.6,4.0
2023-11-14,2023,318,43.6,44.2,21.4,0.0
2023-11-15,2023,319,37.4,44.8,22.2,4.1
2023-11-16,2023,320,39.7,44.5,25.3,0.0
2023-11-17,2023,321,35.3,44.1,25.3,0.0
2023-11-18,2023,322,32.1,46.5,29.2,0.0
2023-11-19,2023,323,35.2,44.9,23.6,0.0
2023-11-20,2023,324,36.8,38.8,23.8,5.5
2023-11-21,2023,325,23.4,43.9,29.0,0.0
2023-11-22,2023,326,31.9,38.9,25.6,8.4
2023-11-23,2023,327,27.7,41.4,22.6,0.0
2023-11-24,2023,328,35.9,41.7,24.1,0.0
2023-11-25,2023,329,35.6,37.6,25.2,0.0
2023-11-26,2023,330,23.0,30.7,31.1,0.0
2023-11-27,2023,331,31.2,38.9,28.2,0.0
2023-11-28,2023,332,33.9,37.3,29.7,0.0
2023-11-29,2023,333,26.3,37.8,29.8,0.0
2023-11-30,2023,334,27.1,38.1,25.6,0.0
2023-12-01,2023,335,28.3,37.9,28.8,0.0
2023-12-02,2023,336,31.6,37.0,13.1,0.0
2023-12-03,2023,337,28.7,37.0,18.9,0.0
2023-12-04,2023,338,21.5,34.7,29.0,6.8
2023-12-05,2023,339,17.9,33.4,24.3,0.0
2023-12-06,2023,340,26.6,36.2,18.9,0.0
2023-12-07,2023,341,35.6,37.0,21.9,0.0
2023-12-08,2023,342,20.0,29.9,20.3,0.0
2023-12-09,2023,343,24.0,33.0,19.7,0.0
2023-12-10,2023,344,15.0,37.3,12.9,0.0
2023-12-11,2023,345,29.9,40.3,17.5,0.0
2023-12-12,2023,346,23.7,37.8,21.9,0.0
2023-12-13,2023,347,24.4,25.8,22.0,0.0
2023-12-14,2023,348,25.2,30.0,20.6,0.0
2023-12-15,2023,349,24.5,30.1,14.8,15.8
2023-12-16,2023,350,33.8,38.1,19.7,0.0
2023-12-17,2023,351,22.9,32.1,13.1,0.0
2023-12-18,2023,352,18.9,29.8,17.9,5.9
2023-12-19,2023,353,29.5,25.0,15.9,0.0
2023-12-20,2023,354,26.7,34.8,19.0,0.0
2023-12-21,2023,355,32.9,33.0,12.6,0.0
2023-12-22,2023,356,25.6,35.4,15.6,0.0
2023-12-23,2023,357,25.3,29.3,15.3,0.0
2023-12-24,2023,358,23.9,26.1,14.5,0.0
2023-12-25,2023,359,35.5,31.3,20.2,0.0
2023-12-26,2023,360,25.8,29.4,13.4,0.0
2023-12-27,2023,361,12.2,32.4,10.2,0.0
2023-12-28,2023,362,19.9,29.0,15.5,0.0
2023-12-29,2023,363,29.1,29.0,21.9,0.0
2023-12-30,2023,364,24.1,26.1,9.5,3.5
2023-12-31,2023,365,14.6,29.7,20.5,2.6
2024-01-01,2024,1,18.0,34.7,14.2,0.0
2024-01-02,2024,2,17.8,26.1,18.1,0.0
2024-01-03,2024,3,16.4,32.2,17.5,0.0
2024-01-04,2024,4,28.6,32.3,15.0,0.0
2024-01-05,2024,5,21.3,31.8,21.9,5.4
2024-01-06,2024,6,19.7,33.5,14.4,0.0
2024-01-07,2024,7,23.3,26.2,13.4,0.0
2024-01-08,2024,8,19.6,30.4,19.0,17.6
2024-01-09,2024,9,19.1,29.2,19.7,0.0
2024-01-10,2024,10,22.9,34.8,16.4,0.0
2024-01-11,2024,11,31.1,29.1,16.2,0.0
2024-01-12,2024,12,27.4,28.7,7.1,0.0
2024-01-13,2024,13,26.8,25.2,14.4,0.0
2024-01-14,2024,14,30.5,26.1,17.7,0.0
2024-01-15,2024,15,23.6,21.3,22.2,0.0
2024-01-16,2024,16,13.8,25.9,15.4,0.0
2024-01-17,2024,17,19.5,34.2,13.0,1.5
2024-01-18,2024,18,17.1,24.6,20.6,0.0
2024-01-19,2024,19,23.4,30.8,10.8,0.0
2024-01-20,2024,20,21.0,24.6,19.2,0.0
2024-01-21,2024,21,27.5,33.4,20.3,0.0
2024-01-22,2024,22,24.3,31.6,20.2,0.0
2024-01-23,2024,23,23.6,24.6,16.2,0.0
2024-01-24,2024,24,25.3,31.5,12.4,0.0
2024-01-25,2024,25,21.7,32.6,22.7,0.0
2024-01-26,2024,26,17.1,26.1,13.0,0.0
2024-01-27,2024,27,27.7,28.3,16.6,0.0
2024-01-28,2024,28,27.9,32.1,19.6,0.0
2024-01-29,2024,29,33.0,29.1,16.1,0.0
2024-01-30,2024,30,24.2,33.4,22.2,12.4
2024-01-31,2024,31,26.6,35.7,21.1,0.0
2024-02-01,2024,32,27.8,27.1,11.0,0.0
2024-02-02,2024,33,20.4,37.3,14.0,0.0
2024-02-03,2024,34,22.3,30.6,20.5,0.0
2024-02-04,2024,35,32.2,28.8,24.2,0.9
2024-02-05,2024,36,32.4,28.2,19.6,0.0
2024-02-06,2024,37,19.2,28.9,19.9,0.0
2024-02-07,2024,38,26.0,28.0,20.8,0.0
2024-02-08,2024,39,26.7,28.3,23.5,6.0
2024-02-09,2024,40,26.1,28.9,17.0,3.8
2024-02-10,2024,41,37.2,35.8,11.7,0.0
2024-02-11,2024,42,25.1,36.7,15.3,0.0
2024-02-12,2024,43,24.9,33.1,16.0,0.0
2024-02-13,2024,44,35.4,39.3,12.4,0.0
2024-02-14,2024,45,17.9,37.5,16.8,0.0
2024-02-15,2024,46,22.3,31.1,19.4,0.0
2024-02-16,2024,47,27.6,32.7,10.4,15.8
2024-02-17,2024,48,25.9,30.2,13.5,10.5
2024-02-18,2024,49,26.5,35.3,21.2,0.0
2024-02-19,2024,50,32.5,29.5,20.5,0.0
2024-02-20,2024,51,26.0,34.2,23.6,0.0
2024-02-21,2024,52,32.5,35.9,21.8,4.9
2024-02-22,2024,53,26.7,42.8,18.4,0.0
2024-02-23,2024,54,30.8,39.0,20.6,1.1
2024-02-24,2024,55,22.4,36.1,19.1,0.0
2024-02-25,2024,56,31.0,30.0,26.3,0.0
2024-02-26,2024,57,40.9,38.8,24.7,0.0
2024-02-27,2024,58,33.1,37.1,27.1,0.0
2024-02-28,2024,59,24.4,43.4,21.1,20.7
2024-02-29,2024,60,31.7,39.0,21.3,7.6
2024-03-01,2024,61,29.1,38.1,25.1,5.1
2024-03-02,2024,62,24.0,42.9,20.0,0.0
2024-03-03,2024,63,32.4,36.3,26.8,0.0
2024-03-04,2024,64,28.2,33.9,30.7,0.0
2024-03-05,2024,65,33.6,37.3,18.4,0.0
2024-03-06,2024,66,31.5,32.2,30.3,0.0
2024-03-07,2024,67,42.0,42.0,25.2,0.0
2024-03-08,2024,68,27.6,38.7,26.3,6.6
2024-03-09,2024,69,24.2,38.6,24.7,0.0
2024-03-10,2024,70,30.6,47.5,31.6,5.3
2024-03-11,2024,71,33.1,35.6,30.8,3.8
2024-03-12,2024,72,34.5,37.3,28.7,3.1
2024-03-13,2024,73,25.9,40.6,27.4,0.0
2024-03-14,2024,74,40.4,49.7,28.8,12.0
2024-03-15,2024,75,36.7,42.0,33.0,0.0
2024-03-16,2024,76,44.3,37.4,35.7,0.0
2024-03-17,2024,77,41.6,44.9,29.8,0.0
2024-03-18,2024,78,36.7,47.7,29.9,0.0
2024-03-19,2024,79,26.2,39.0,30.2,5.8
2024-03-20,2024,80,41.3,43.6,31.4,0.0
2024-03-21,2024,81,42.1,50.6,34.0,0.0
2024-03-22,2024,82,42.9,54.6,32.8,0.0
2024-03-23,2024,83,46.8,46.2,34.9,8.1
2024-03-24,2024,84,36.3,46.0,38.1,0.0
2024-03-25,2024,85,36.9,49.5,31.2,0.0
2024-03-26,2024,86,51.8,50.0,27.4,10.6
2024-03-27,2024,87,40.3,45.0,37.8,0.0
2024-03-28,2024,88,34.4,51.6,33.8,0.0
2024-03-29,2024,89,42.6,44.5,33.6,0.0
2024-03-30,2024,90,41.3,54.0,35.9,0.0
2024-03-31,2024,91,45.2,52.4,41.1,0.0
2024-04-01,2024,92,41.5,52.2,39.7,0.0
2024-04-02,2024,93,46.3,50.3,38.8,0.0
2024-04-03,2024,94,47.4,52.6,27.8,0.0
2024-04-04,2024,95,47.8,50.9,44.9,0.0
2024-04-05,2024,96,44.9,49.9,43.9,1.9
2024-04-06,2024,97,44.2,53.2,41.5,13.4
2024-04-07,2024,98,51.4,58.9,36.3,10.9
2024-04-08,2024,99,43.9,46.8,39.5,0.0
2024-04-09,2024,100,51.1,51.1,44.8,0.0
2024-04-10,2024,101,52.0,55.8,42.0,3.0
2024-04-11,2024,102,55.2,61.6,47.1,0.0
2024-04-12,2024,103,50.2,57.6,35.0,17.6
2024-04-13,2024,104,51.9,50.7,41.7,0.0
2024-04-14,2024,105,52.8,50.8,43.1,0.0
2024-04-15,2024,106,55.5,55.6,52.2,4.3
2024-04-16,2024,107,49.4,57.8,43.4,0.0
2024-04-17,2024,108,43.3,52.0,50.7,3.8
2024-04-18,2024,109,53.2,64.8,44.0,0.0
2024-04-19,2024,110,58.9,60.1,44.9,0.0
2024-04-20,2024,111,58.2,58.6,50.5,0.0
2024-04-21,2024,112,57.5,62.3,45.2,2.1
2024-04-22,2024,113,52.8,57.6,53.1,5.0
2024-04-23,2024,114,64.3,61.0,50.2,0.0
2024-04-24,2024,115,60.2,58.9,49.5,0.0
2024-04-25,2024,116,52.3,72.8,45.1,0.0
2024-04-26,2024,117,61.5,60.0,48.1,0.0
2024-04-27,2024,118,58.0,61.7,49.8,3.9
2024-04-28,2024,119,58.2,60.4,45.6,0.0
2024-04-29,2024,120,60.6,64.9,45.8,23.4
2024-04-30,2024,121,70.5,63.7,51.3,0.0
2024-05-01,2024,122,62.0,70.0,47.2,0.0
2024-05-02,2024,123,61.4,66.9,56.3,3.4
2024-05-03,2024,124,58.0,69.2,49.0,0.0
2024-05-04,2024,125,61.6,63.3,54.4,0.0
2024-05-05,2024,126,62.3,69.9,48.9,0.0
2024-05-06,2024,127,62.4,76.2,53.3,6.3
2024-05-07,2024,128,62.8,62.6,55.2,17.1
2024-05-08,2024,129,57.4,71.7,52.4,0.0
2024-05-09,2024,130,65.4,70.2,55.8,0.0
2024-05-10,2024,131,61.7,63.1,49.3,0.0
2024-05-11,2024,132,55.6,73.7,51.2,20.9
2024-05-12,2024,133,61.9,67.2,56.2,0.0
2024-05-13,2024,134,69.8,68.1,54.5,20.9
2024-05-14,2024,135,58.8,77.4,53.1,11.7
2024-05-15,2024,136,61.8,73.9,65.5,2.0
2024-05-16,2024,137,64.9,69.9,55.8,0.0
2024-05-17,2024,138,59.9,73.6,64.1,0.0
2024-05-18,2024,139,65.9,69.3,62.6,22.9
2024-05-19,2024,140,72.9,70.1,61.4,7.0
2024-05-20,2024,141,68.0,73.8,64.8,0.0
2024-05-21,2024,142,66.7,73.0,64.6,0.0
2024-05-22,2024,143,65.7,70.0,57.7,0.0
2024-05-23,2024,144,75.5,72.2,58.9,0.0
2024-05-24,2024,145,63.1,74.0,65.9,6.6
2024-05-25,2024,146,76.3,83.3,59.8,35.5
2024-05-26,2024,147,76.6,71.8,69.1,2.8
2024-05-27,2024,148,64.5,74.0,63.5,16.4
2024-05-28,2024,149,70.7,76.7,61.2,22.2
2024-05-29,2024,150,62.1,71.2,71.8,0.0
2024-05-30,2024,151,78.1,75.7,60.1,16.8
2024-05-31,2024,152,64.2,79.6,62.9,0.0
2024-06-01,2024,153,74.0,81.0,64.1,0.0
2024-06-02,2024,154,72.0,78.6,65.8,0.0
2024-06-03,2024,155,67.8,79.2,69.1,0.0
2024-06-04,2024,156,76.4,80.3,67.1,0.0
2024-06-05,2024,157,64.0,82.5,66.9,0.0
2024-06-06,2024,158,72.8,77.1,67.9,0.0
2024-06-07,2024,159,62.4,76.4,61.0,0.0
2024-06-08,2024,160,74.7,78.0,67.1,0.0
2024-06-09,2024,161,82.2,80.0,67.4,0.0
2024-06-10,2024,162,81.8,77.5,67.4,7.9
2024-06-11,2024,163,76.1,87.6,59.0,0.0
2024-06-12,2024,164,74.2,85.6,61.8,3.8
2024-06-13,2024,165,80.3,83.3,69.6,14.2
2024-06-14,2024,166,72.8,83.7,69.1,0.0
2024-06-15,2024,167,77.1,78.2,70.3,0.0
2024-06-16,2024,168,72.7,76.7,69.9,0.0
2024-06-17,2024,169,80.3,74.1,76.6,0.0
2024-06-18,2024,170,69.6,73.6,66.9,0.0
2024-06-19,2024,171,88.9,79.6,70.1,0.0
2024-06-20,2024,172,77.5,78.1,69.1,0.0
2024-06-21,2024,173,82.3,79.8,73.3,0.0
2024-06-22,2024,174,83.7,87.9,74.1,0.0
2024-06-23,2024,175,71.5,80.2,77.9,0.0
2024-06-24,2024,176,78.7,80.8,73.4,0.0
2024-06-25,2024,177,79.5,84.4,73.3,0.0
2024-06-26,2024,178,67.6,84.4,67.2,0.0
2024-06-27,2024,179,77.1,89.9,66.2,0.0
2024-06-28,2024,180,73.4,81.1,71.0,4.4
2024-06-29,2024,181,72.3,85.0,64.4,0.0
2024-06-30,2024,182,87.1,83.8,68.3,0.0
2024-07-01,2024,183,82.5,82.1,71.6,0.0
2024-07-02,2024,184,77.2,87.0,69.0,0.0
2024-07-03,2024,185,93.9,81.2,66.1,0.0
2024-07-04,2024,186,71.9,85.4,69.2,0.0
2024-07-05,2024,187,81.0,89.4,68.4,0.0
2024-07-06,2024,188,74.1,75.0,71.0,26.5
2024-07-07,2024,189,68.5,85.1,74.0,0.0
2024-07-08,2024,190,77.3,84.0,69.6,12.5
2024-07-09,2024,191,70.0,85.4,68.6,2.0
2024-07-10,2024,192,80.6,86.4,68.5,11.1
2024-07-11,2024,193,81.4,83.2,72.5,0.0
2024-07-12,2024,194,81.9,90.3,74.8,0.0
2024-07-13,2024,195,76.5,77.5,70.9,0.0
2024-07-14,2024,196,83.4,87.3,79.0,13.7
2024-07-15,2024,197,76.1,84.4,71.9,0.0
2024-07-16,2024,198,85.5,85.3,67.4,4.6
2024-07-17,2024,199,80.5,89.3,71.6,0.0
2024-07-18,2024,200,80.1,81.0,66.9,27.1
2024-07-19,2024,201,82.0,88.9,74.9,13.3
2024-07-20,2024,202,80.4,87.3,75.2,0.0
2024-07-21,2024,203,73.1,79.7,77.2,0.0
2024-07-22,2024,204,74.3,75.6,66.7,4.4
2024-07-23,2024,205,76.2,81.9,67.6,0.0
2024-07-24,2024,206,77.4,74.1,66.7,12.1
2024-07-25,2024,207,85.9,87.4,71.2,0.0
2024-07-26,2024,208,76.2,85.5,74.5,0.0
2024-07-27,2024,209,80.1,84.1,77.6,0.0
2024-07-28,2024,210,79.1,84.6,67.7,0.0
2024-07-29,2024,211,79.7,74.9,73.2,31.6
2024-07-30,2024,212,70.1,79.2,63.4,20.4
2024-07-31,2024,213,78.9,84.4,69.2,0.0
2024-08-01,2024,214,78.6,86.9,66.9,0.0
2024-08-02,2024,215,75.7,83.3,68.6,0.0
2024-08-03,2024,216,78.4,91.6,68.7,0.0
2024-08-04,2024,217,79.2,78.1,69.1,0.0
2024-08-05,2024,218,77.3,76.9,63.9,0.0
2024-08-06,2024,219,75.3,89.2,69.8,14.8
2024-08-07,2024,220,70.6,84.4,64.0,0.0
2024-08-08,2024,221,76.0,82.0,79.1,0.0
2024-08-09,2024,222,70.1,83.6,66.5,0.0
2024-08-10,2024,223,77.9,85.7,65.7,10.0
2024-08-11,2024,224,85.5,85.5,66.8,0.0
2024-08-12,2024,225,78.5,68.9,78.2,0.0
2024-08-13,2024,226,71.2,84.6,73.1,0.0
2024-08-14,2024,227,77.7,86.2,64.9,0.0
2024-08-15,2024,228,80.1,81.7,69.6,0.0
2024-08-16,2024,229,65.3,77.2,66.6,5.6
2024-08-17,2024,230,74.9,81.2,66.6,0.0
2024-08-18,2024,231,72.8,85.4,64.2,0.0
2024-08-19,2024,232,76.9,79.3,72.8,17.3
2024-08-20,2024,233,71.8,82.3,68.7,0.0
2024-08-21,2024,234,70.1,73.3,68.0,0.0
2024-08-22,2024,235,78.0,83.1,64.7,9.8
2024-08-23,2024,236,68.7,79.9,66.9,0.0
2024-08-24,2024,237,69.7,76.6,57.4,10.0
2024-08-25,2024,238,72.4,77.2,69.6,12.6
2024-08-26,2024,239,68.9,85.3,66.6,0.0
2024-08-27,2024,240,78.2,78.0,64.0,11.2
2024-08-28,2024,241,77.0,76.5,64.0,0.0
2024-08-29,2024,242,77.8,76.9,60.7,5.8
2024-08-30,2024,243,72.4,78.5,55.4,0.0
2024-08-31,2024,244,71.8,75.8,64.2,0.0
2024-09-01,2024,245,75.1,76.0,62.8,0.0
2024-09-02,2024,246,65.6,76.4,54.0,0.0
2024-09-03,2024,247,68.8,75.6,52.6,0.0
2024-09-04,2024,248,73.4,78.2,54.6,2.1
2024-09-05,2024,249,64.9,76.5,62.8,15.5
2024-09-06,2024,250,61.9,80.8,56.0,0.0
2024-09-07,2024,251,63.7,74.2,61.9,0.0
2024-09-08,2024,252,66.4,71.4,60.7,0.0
2024-09-09,2024,253,64.5,73.9,56.1,0.0
2024-09-10,2024,254,67.1,71.1,59.9,7.5
2024-09-11,2024,255,64.0,72.1,55.2,7.1
2024-09-12,2024,256,65.9,75.0,64.1,15.8
2024-09-13,2024,257,66.6,74.8,57.2,0.0
2024-09-14,2024,258,60.4,77.8,55.8,0.0
2024-09-15,2024,259,65.2,77.3,48.5,0.0
2024-09-16,2024,260,57.6,66.7,60.3,0.0
2024-09-17,2024,261,72.6,74.6,62.0,0.0
2024-09-18,2024,262,58.1,77.0,48.3,1.1
2024-09-19,2024,263,61.1,67.2,55.8,0.0
2024-09-20,2024,264,65.4,65.4,50.5,0.0
2024-09-21,2024,265,68.2,69.3,56.5,0.0
2024-09-22,2024,266,65.3,66.0,53.4,0.0
2024-09-23,2024,267,61.7,60.5,62.7,0.0
2024-09-24,2024,268,68.6,61.7,56.2,17.8
2024-09-25,2024,269,53.8,67.6,46.0,0.0
2024-09-26,2024,270,57.8,66.7,47.1,0.0
2024-09-27,2024,271,69.9,61.0,49.8,0.0
2024-09-28,2024,272,61.8,59.0,45.6,15.6
2024-09-29,2024,273,66.4,67.4,50.1,0.0
2024-09-30,2024,274,52.1,67.0,50.7,0.0
2024-10-01,2024,275,56.3,64.3,49.8,0.0
2024-10-02,2024,276,51.2,58.9,50.7,0.0
2024-10-03,2024,277,49.8,63.6,49.0,0.0
2024-10-04,2024,278,57.9,68.0,47.9,6.9
2024-10-05,2024,279,57.1,56.8,47.1,0.0
2024-10-06,2024,280,57.1,62.3,46.3,0.0
2024-10-07,2024,281,48.0,55.3,46.9,0.0
2024-10-08,2024,282,64.8,51.1,46.8,0.0
2024-10-09,2024,283,52.6,63.2,38.3,0.0
2024-10-10,2024,284,53.3,56.5,48.0,1.9
2024-10-11,2024,285,53.1,54.4,51.8,0.0
2024-10-12,2024,286,50.4,59.2,52.9,4.9
2024-10-13,2024,287,47.6,59.6,44.4,11.7
2024-10-14,2024,288,47.2,63.5,46.9,0.0
2024-10-15,2024,289,59.6,53.1,42.6,0.0
2024-10-16,2024,290,46.9,50.8,48.6,1.4
2024-10-17,2024,291,44.9,51.9,42.7,0.0
2024-10-18,2024,292,52.7,57.3,39.9,0.0
2024-10-19,2024,293,46.2,52.1,44.0,0.0
2024-10-20,2024,294,53.7,56.6,42.4,0.0
2024-10-21,2024,295,50.8,55.1,38.2,2.2
2024-10-22,2024,296,42.3,52.3,42.6,0.0
2024-10-23,2024,297,46.4,53.6,39.0,0.0
2024-10-24,2024,298,43.2,51.5,43.3,3.6
2024-10-25,2024,299,42.9,52.2,47.5,11.8
2024-10-26,2024,300,41.3,43.5,34.7,0.0
2024-10-27,2024,301,44.2,50.2,33.1,0.4
2024-10-28,2024,302,42.2,54.4,36.4,0.0
2024-10-29,2024,303,47.2,49.2,31.6,0.0
2024-10-30,2024,304,52.8,53.9,38.8,0.0
2024-10-31,2024,305,47.8,48.8,30.0,0.0
2024-11-01,2024,306,37.6,53.1,30.8,1.6
2024-11-02,2024,307,39.1,50.9,31.0,0.0
2024-11-03,2024,308,41.6,53.5,30.5,0.0
2024-11-04,2024,309,41.0,48.9,33.0,0.0
2024-11-05,2024,310,40.0,47.5,34.2,3.4
2024-11-06,2024,311,42.6,44.1,32.0,0.0
2024-11-07,2024,312,43.4,46.3,29.8,0.0
2024-11-08,2024,313,38.1,49.6,34.4,0.0
2024-11-09,2024,314,42.5,44.5,37.0,2.2
2024-11-10,2024,315,35.6,42.5,26.3,0.0
2024-11-11,2024,316,38.8,42.1,33.1,4.3
2024-11-12,2024,317,42.1,32.4,30.9,0.0
2024-11-13,2024,318,37.7,45.9,27.8,0.0
2024-11-14,2024,319,31.0,40.2,28.4,0.0
2024-11-15,2024,320,26.1,40.9,26.0,0.0
2024-11-16,2024,321,38.6,47.4,24.5,0.0
2024-11-17,2024,322,28.0,44.6,27.7,4.3
2024-11-18,2024,323,37.4,44.6,21.6,0.0
2024-11-19,2024,324,28.7,34.6,30.3,0.0
2024-11-20,2024,325,32.0,39.6,29.4,0.0
2024-11-21,2024,326,33.2,34.1,26.3,1.2
2024-11-22,2024,327,31.2,38.8,30.3,5.6
2024-11-23,2024,328,38.9,35.4,23.1,0.0
2024-11-24,2024,329,24.4,42.7,16.2,5.7
2024-11-25,2024,330,33.0,34.7,26.7,1.9
2024-11-26,2024,331,27.5,31.8,25.2,0.0
2024-11-27,2024,332,34.1,35.8,28.3,4.6
2024-11-28,2024,333,27.4,38.8,21.6,2.3
2024-11-29,2024,334,33.9,33.1,18.2,0.0
2024-11-30,2024,335,32.7,40.1,29.0,0.0
2024-12-01,2024,336,25.5,30.7,16.7,0.0
2024-12-02,2024,337,28.9,37.4,25.3,2.0
2024-12-03,2024,338,38.7,33.2,21.5,0.0
2024-12-04,2024,339,30.1,33.8,11.7,0.0
2024-12-05,2024,340,37.4,31.3,22.4,0.0
2024-12-06,2024,341,29.2,37.1,17.2,0.0
2024-12-07,2024,342,28.8,40.4,19.9,6.3
2024-12-08,2024,343,22.6,34.4,24.5,1.1
2024-12-09,2024,344,26.4,34.6,19.4,0.0
2024-12-10,2024,345,19.5,42.5,16.7,12.9
2024-12-11,2024,346,30.2,27.3,22.3,0.0
2024-12-12,2024,347,30.2,35.7,26.6,0.0
2024-12-13,2024,348,32.1,31.4,24.0,0.0
2024-12-14,2024,349,24.5,34.7,16.3,0.0
2024-12-15,2024,350,25.4,31.3,15.4,0.0
2024-12-16,2024,351,23.5,30.8,15.5,0.0
2024-12-17,2024,352,25.7,27.1,16.7,0.0
2024-12-18,2024,353,25.0,35.2,24.4,0.0
2024-12-19,2024,354,26.5,22.4,25.7,0.0
2024-12-20,2024,355,20.0,33.4,16.9,6.6
2024-12-21,2024,356,25.9,36.1,18.1,0.0
2024-12-22,2024,357,21.1,29.4,15.3,0.0
2024-12-23,2024,358,20.2,28.3,20.0,0.0
2024-12-24,2024,359,21.6,27.8,6.9,0.0
2024-12-25,2024,360,28.2,28.5,19.6,0.0
2024-12-26,2024,361,12.4,29.4,19.3,0.0
2024-12-27,2024,362,16.3,29.6,8.7,0.0
2024-12-28,2024,363,22.8,30.5,12.5,0.0
2024-12-29,2024,364,22.8,31.6,19.2,0.0
2024-12-30,2024,365,26.4,24.8,7.6,0.0
2024-12-31,2024,366,14.1,23.1,17.1,0.0
2025-01-01,2025,1,29.0,25.7,18.0,0.0
2025-01-02,2025,2,30.2,27.7,11.7,0.0
2025-01-03,2025,3,23.2,32.5,17.8,0.0
2025-01-04,2025,4,19.2,31.7,14.9,0.0
2025-01-05,2025,5,35.1,35.9,5.6,4.7
2025-01-06,2025,6,24.6,30.0,12.4,0.0
2025-01-07,2025,7,16.8,31.7,14.4,0.0
2025-01-08,2025,8,21.6,24.2,8.2,1.3
2025-01-09,2025,9,14.6,25.1,14.7,0.0
2025-01-10,2025,10,29.2,33.5,12.3,0.0
2025-01-11,2025,11,27.7,27.2,10.5,1.5
2025-01-12,2025,12,21.0,29.7,16.4,0.0
2025-01-13,2025,13,19.1,33.0,12.7,0.0
2025-01-14,2025,14,27.5,32.0,20.7,0.0
2025-01-15,2025,15,22.3,34.6,14.5,0.0
2025-01-16,2025,16,17.2,28.6,17.3,0.0
2025-01-17,2025,17,20.9,33.4,16.4,0.0
2025-01-18,2025,18,25.8,31.6,13.9,0.0
2025-01-19,2025,19,27.7,28.8,11.6,0.0
2025-01-20,2025,20,18.0,24.8,19.1,0.0
2025-01-21,2025,21,25.1,36.0,16.3,2.9
2025-01-22,2025,22,17.2,29.3,18.2,0.0
2025-01-23,2025,23,29.7,31.7,17.1,0.0
2025-01-24,2025,24,18.1,24.0,24.4,0.0
2025-01-25,2025,25,18.1,34.0,18.2,0.1
2025-01-26,2025,26,27.5,37.6,14.5,0.0
2025-01-27,2025,27,29.4,26.2,24.6,3.5
2025-01-28,2025,28,22.8,35.7,21.0,5.0
2025-01-29,2025,29,20.9,32.7,17.7,0.0
2025-01-30,2025,30,24.2,27.7,17.7,9.6
2025-01-31,2025,31,17.2,31.1,12.7,6.0
2025-02-01,2025,32,24.8,35.4,19.9,0.0
2025-02-02,2025,33,23.5,33.9,23.1,0.0
2025-02-03,2025,34,20.7,33.9,19.1,0.0
2025-02-04,2025,35,23.7,40.5,20.0,3.6
2025-02-05,2025,36,20.3,31.7,12.3,0.0
2025-02-06,2025,37,26.4,30.7,17.5,5.8
2025-02-07,2025,38,28.9,27.8,11.3,1.0
2025-02-08,2025,39,21.6,32.4,20.1,0.0
2025-02-09,2025,40,20.8,30.6,22.3,4.2
2025-02-10,2025,41,28.4,36.1,11.5,5.3
2025-02-11,2025,42,30.3,36.4,17.3,0.0
2025-02-12,2025,43,35.9,30.2,19.2,1.1
2025-02-13,2025,44,27.0,31.0,13.5,0.0
2025-02-14,2025,45,24.7,36.1,20.0,0.0
2025-02-15,2025,46,20.7,36.1,25.9,0.0
2025-02-16,2025,47,25.4,35.3,20.2,2.1
2025-02-17,2025,48,31.8,30.3,21.8,0.0
2025-02-18,2025,49,26.8,35.4,22.7,0.0
2025-02-19,2025,50,30.9,38.0,23.4,0.0
2025-02-20,2025,51,29.0,34.6,23.2,2.2
2025-02-21,2025,52,28.7,29.1,20.7,0.0
2025-02-22,2025,53,18.8,34.9,22.7,2.4
2025-02-23,2025,54,23.8,33.8,30.8,0.0
2025-02-24,2025,55,27.6,39.2,19.1,9.1
2025-02-25,2025,56,30.4,31.8,14.2,12.2
2025-02-26,2025,57,28.8,44.1,21.4,0.0
2025-02-27,2025,58,31.9,32.3,21.3,0.0
2025-02-28,2025,59,33.2,38.3,28.5,10.8
2025-03-01,2025,60,28.2,42.4,25.4,6.5
2025-03-02,2025,61,35.1,45.3,31.2,0.0
2025-03-03,2025,62,29.4,37.6,30.6,0.0
2025-03-04,2025,63,27.1,35.6,23.9,1.3
2025-03-05,2025,64,36.2,40.4,20.9,0.0
2025-03-06,2025,65,27.8,34.4,26.6,0.0
2025-03-07,2025,66,32.0,40.8,27.9,0.0
2025-03-08,2025,67,36.1,43.8,28.3,0.0
2025-03-09,2025,68,31.7,46.6,24.4,0.0
2025-03-10,2025,69,30.1,40.7,22.4,0.0
2025-03-11,2025,70,30.1,40.4,29.0,0.0
2025-03-12,2025,71,31.0,43.6,21.9,2.1
2025-03-13,2025,72,32.0,42.7,22.8,0.0
2025-03-14,2025,73,38.1,40.0,27.4,0.0
2025-03-15,2025,74,36.3,45.4,25.7,7.7
2025-03-16,2025,75,27.0,45.3,28.3,0.0
2025-03-17,2025,76,41.8,46.4,28.5,0.0
2025-03-18,2025,77,37.4,47.6,33.9,0.5
2025-03-19,2025,78,48.1,45.1,26.1,18.3
2025-03-20,2025,79,31.6,47.1,33.1,9.4
2025-03-21,2025,80,26.4,48.7,35.5,0.0
2025-03-22,2025,81,32.1,39.1,30.1,0.0
2025-03-23,2025,82,40.7,48.3,35.5,2.2
2025-03-24,2025,83,40.5,50.5,38.8,0.0
2025-03-25,2025,84,38.8,50.5,31.1,0.0
2025-03-26,2025,85,41.8,45.3,31.4,0.0
2025-03-27,2025,86,37.0,44.1,31.1,0.0
2025-03-28,2025,87,27.3,55.3,35.2,0.0
2025-03-29,2025,88,41.2,51.0,37.7,0.0
2025-03-30,2025,89,43.9,51.7,37.0,0.0
2025-03-31,2025,90,47.4,60.3,35.2,0.0
2025-04-01,2025,91,47.5,50.2,41.3,7.6
2025-04-02,2025,92,35.4,48.8,37.1,0.0
2025-04-03,2025,93,50.1,58.2,43.8,0.0
2025-04-04,2025,94,44.2,49.5,37.7,0.0
2025-04-05,2025,95,45.2,54.2,36.8,11.6
2025-04-06,2025,96,48.0,48.4,42.7,0.0
2025-04-07,2025,97,55.1,57.5,43.7,0.0
2025-04-08,2025,98,44.9,50.9,43.8,0.0
2025-04-09,2025,99,54.2,59.5,37.3,0.0
2025-04-10,2025,100,44.9,55.7,40.8,7.9
2025-04-11,2025,101,48.2,54.6,48.1,0.0
2025-04-12,2025,102,45.7,55.4,41.0,0.0
2025-04-13,2025,103,48.6,57.9,37.3,0.0
2025-04-14,2025,104,47.0,54.4,45.2,0.0
2025-04-15,2025,105,55.1,60.0,44.2,0.0
2025-04-16,2025,106,51.8,51.9,40.1,0.0
2025-04-17,2025,107,53.9,55.3,42.5,0.0
2025-04-18,2025,108,61.9,63.3,40.4,0.0
2025-04-19,2025,109,55.4,57.7,40.1,0.0
2025-04-20,2025,110,49.4,60.4,39.1,0.0
2025-04-21,2025,111,52.4,59.6,54.4,0.0
2025-04-22,2025,112,55.6,65.3,48.5,8.2
2025-04-23,2025,113,52.6,63.0,51.2,8.3
2025-04-24,2025,114,58.5,69.5,45.0,0.0
2025-04-25,2025,115,50.9,62.8,46.3,0.0
2025-04-26,2025,116,57.7,64.5,48.1,0.0
2025-04-27,2025,117,52.8,67.1,57.6,0.0
2025-04-28,2025,118,67.5,63.6,47.8,0.0
2025-04-29,2025,119,62.0,66.9,50.0,4.2
2025-04-30,2025,120,52.9,71.2,53.9,10.8
2025-05-01,2025,121,56.5,63.2,51.1,0.0
2025-05-02,2025,122,57.1,72.6,54.3,3.5
2025-05-03,2025,123,63.3,64.5,54.3,0.0
2025-05-04,2025,124,64.8,70.6,53.4,30.3
2025-05-05,2025,125,63.2,65.9,56.0,0.0
2025-05-06,2025,126,57.4,61.7,52.1,0.0
2025-05-07,2025,127,66.4,69.9,55.2,0.0
2025-05-08,2025,128,60.8,64.5,55.7,0.0
2025-05-09,2025,129,55.8,68.9,48.7,2.6
2025-05-10,2025,130,62.0,72.2,57.8,0.0
2025-05-11,2025,131,58.4,69.3,63.2,4.8
2025-05-12,2025,132,65.5,76.2,54.6,0.0
2025-05-13,2025,133,64.5,69.3,52.3,0.0
2025-05-14,2025,134,65.6,73.0,60.7,0.0
2025-05-15,2025,135,63.9,66.0,54.6,0.0
2025-05-16,2025,136,65.7,74.4,57.0,19.4
2025-05-17,2025,137,66.2,74.9,52.5,0.0
2025-05-18,2025,138,73.3,80.6,59.4,2.5
2025-05-19,2025,139,69.2,71.5,63.0,0.0
2025-05-20,2025,140,75.3,75.0,56.8,8.0
2025-05-21,2025,141,69.5,70.5,61.2,0.0
2025-05-22,2025,142,66.4,79.1,55.1,0.0
2025-05-23,2025,143,74.8,74.5,58.1,0.0
2025-05-24,2025,144,60.0,70.4,62.4,0.0
2025-05-25,2025,145,75.2,76.8,64.2,0.0
2025-05-26,2025,146,71.0,74.5,64.2,0.0
2025-05-27,2025,147,70.6,80.7,60.6,2.4
2025-05-28,2025,148,67.8,76.8,63.8,0.0
2025-05-29,2025,149,68.9,75.0,63.4,0.0
2025-05-30,2025,150,74.7,77.4,66.1,17.8
2025-05-31,2025,151,61.3,75.5,62.2,0.0
2025-06-01,2025,152,73.1,76.9,69.6,41.0
2025-06-02,2025,153,68.2,80.2,59.9,0.0
2025-06-03,2025,154,73.1,84.2,60.1,0.0
2025-06-04,2025,155,75.5,68.7,64.8,0.0
2025-06-05,2025,156,73.1,79.2,66.5,0.0
2025-06-06,2025,157,79.1,83.4,70.1,0.0
2025-06-07,2025,158,69.1,69.4,63.3,22.1
2025-06-08,2025,159,71.4,76.0,65.2,1.9
2025-06-09,2025,160,64.8,81.6,65.4,12.5
2025-06-10,2025,161,84.5,76.0,66.8,0.0
2025-06-11,2025,162,63.9,83.0,52.9,0.0
2025-06-12,2025,163,66.5,87.7,67.6,0.0
2025-06-13,2025,164,81.3,84.4,65.2,0.0
2025-06-14,2025,165,73.6,80.9,63.3,0.0
2025-06-15,2025,166,69.7,84.0,67.0,0.0
2025-06-16,2025,167,67.7,85.2,65.0,0.0
2025-06-17,2025,168,72.5,80.9,69.5,0.0
2025-06-18,2025,169,76.3,82.8,66.6,0.0
2025-06-19,2025,170,73.1,81.5,70.7,25.8
2025-06-20,2025,171,74.3,85.6,64.3,0.0
2025-06-21,2025,172,69.1,78.0,70.4,0.0
2025-06-22,2025,173,74.3,81.4,58.8,0.0
2025-06-23,2025,174,73.3,79.0,68.9,0.0
2025-06-24,2025,175,82.7,76.6,68.3,0.0
2025-06-25,2025,176,75.3,83.8,72.3,0.0
2025-06-26,2025,177,76.5,83.7,70.4,13.0
2025-06-27,2025,178,76.4,86.9,82.9,0.0
2025-06-28,2025,179,78.7,77.5,64.9,0.0
2025-06-29,2025,180,75.1,86.8,72.6,0.0
2025-06-30,2025,181,73.0,86.0,73.6,0.0
2025-07-01,2025,182,69.3,83.7,70.8,28.6
2025-07-02,2025,183,85.7,88.8,64.8,10.0
2025-07-03,2025,184,73.4,94.7,74.4,0.0
2025-07-04,2025,185,68.4,87.3,66.1,0.0
2025-07-05,2025,186,75.2,82.2,67.5,0.0
2025-07-06,2025,187,79.8,80.3,69.3,0.0
2025-07-07,2025,188,78.4,88.1,74.5,0.0
2025-07-08,2025,189,74.9,80.4,69.8,0.0
2025-07-09,2025,190,74.3,85.9,71.8,0.0
2025-07-10,2025,191,75.0,82.7,70.3,18.8
2025-07-11,2025,192,79.0,92.6,68.7,0.0
2025-07-12,2025,193,78.6,90.7,73.5,8.2
2025-07-13,2025,194,72.2,83.7,72.2,0.0
2025-07-14,2025,195,76.6,81.2,66.5,0.0
2025-07-15,2025,196,81.5,91.4,71.9,0.0
2025-07-16,2025,197,78.8,84.2,73.0,0.0
2025-07-17,2025,198,76.0,78.9,71.7,0.0
2025-07-18,2025,199,74.8,76.0,72.5,0.0
2025-07-19,2025,200,75.8,89.4,73.0,0.0
2025-07-20,2025,201,77.9,75.7,69.1,0.0
2025-07-21,2025,202,69.4,85.9,73.7,3.5
2025-07-22,2025,203,83.8,87.8,72.6,0.0
2025-07-23,2025,204,82.0,81.4,71.4,0.0
2025-07-24,2025,205,79.7,84.3,69.0,0.0
2025-07-25,2025,206,80.0,80.1,70.4,0.0
2025-07-26,2025,207,66.3,83.2,67.6,12.7
2025-07-27,2025,208,88.3,82.1,68.0,2.1
2025-07-28,2025,209,75.5,87.9,71.8,3.7
2025-07-29,2025,210,85.3,85.3,64.5,0.0
2025-07-30,2025,211,77.9,92.9,76.5,0.0
2025-07-31,2025,212,72.7,90.4,70.7,0.0
2025-08-01,2025,213,78.3,86.7,70.4,24.9
2025-08-02,2025,214,76.6,78.7,70.3,0.0
2025-08-03,2025,215,78.5,87.7,73.2,0.0
2025-08-04,2025,216,69.9,88.7,67.3,0.0
2025-08-05,2025,217,72.8,77.0,68.0,0.0
2025-08-06,2025,218,73.1,87.6,66.7,0.0
2025-08-07,2025,219,74.0,79.8,71.7,0.0
2025-08-08,2025,220,72.0,83.0,66.9,0.0
2025-08-09,2025,221,75.2,81.8,69.1,0.0
2025-08-10,2025,222,74.3,87.3,67.0,0.0
2025-08-11,2025,223,68.7,83.4,72.0,0.0
2025-08-12,2025,224,75.7,83.3,69.2,0.0
2025-08-13,2025,225,79.8,76.1,70.7,18.2
2025-08-14,2025,226,73.9,83.9,69.9,0.0
2025-08-15,2025,227,71.8,79.1,72.0,9.9
2025-08-16,2025,228,83.1,78.0,61.1,0.0
2025-08-17,2025,229,80.2,85.8,72.7,35.8
2025-08-18,2025,230,74.0,79.6,61.8,0.0
2025-08-19,2025,231,76.6,76.5,61.6,0.0
2025-08-20,2025,232,66.7,84.5,63.6,0.0
2025-08-21,2025,233,74.2,80.4,60.2,0.0
2025-08-22,2025,234,76.7,83.4,66.1,0.0
2025-08-23,2025,235,68.0,81.5,66.6,0.0
2025-08-24,2025,236,62.9,74.0,64.0,2.8
2025-08-25,2025,237,73.1,80.6,62.1,0.0
2025-08-26,2025,238,70.6,75.5,65.9,0.0
2025-08-27,2025,239,67.5,82.3,65.4,0.0
2025-08-28,2025,240,65.1,81.1,63.1,4.0
2025-08-29,2025,241,69.5,75.7,61.3,0.0
2025-08-30,2025,242,69.1,72.9,69.1,2.1
2025-08-31,2025,243,60.0,78.8,65.9,0.0
2025-09-01,2025,244,66.9,80.1,64.0,8.9
2025-09-02,2025,245,63.2,78.9,59.0,0.0
2025-09-03,2025,246,67.4,72.7,56.2,0.0
2025-09-04,2025,247,71.4,73.3,64.5,0.0
2025-09-05,2025,248,69.3,74.5,66.1,0.0
2025-09-06,2025,249,62.6,74.8,63.7,13.3
2025-09-07,2025,250,64.5,75.8,60.8,0.0
2025-09-08,2025,251,66.8,76.7,55.3,0.0
2025-09-09,2025,252,60.6,65.5,71.1,0.0
2025-09-10,2025,253,72.6,69.2,62.5,0.0
2025-09-11,2025,254,65.3,72.4,54.6,2.6
2025-09-12,2025,255,50.1,73.9,56.0,4.3
2025-09-13,2025,256,62.9,78.5,54.4,4.8
2025-09-14,2025,257,58.8,76.9,59.2,0.0
2025-09-15,2025,258,63.3,71.4,54.0,6.4
2025-09-16,2025,259,63.1,69.7,60.4,0.0
2025-09-17,2025,260,69.9,74.1,55.9,0.0
2025-09-18,2025,261,66.4,70.7,51.0,0.0
2025-09-19,2025,262,68.0,64.6,56.8,0.0
2025-09-20,2025,263,67.7,73.1,58.0,0.0
2025-09-21,2025,264,60.3,68.6,52.8,1.5
2025-09-22,2025,265,56.9,66.6,56.4,0.0
2025-09-23,2025,266,62.9,66.3,51.9,3.1
2025-09-24,2025,267,64.5,68.4,47.0,0.0
2025-09-25,2025,268,51.0,72.4,46.8,0.0
2025-09-26,2025,269,59.8,62.0,55.5,0.0
2025-09-27,2025,270,56.8,66.3,46.5,1.9
2025-09-28,2025,271,72.3,70.2,51.3,0.0
2025-09-29,2025,272,55.0,73.6,56.5,0.0
2025-09-30,2025,273,61.8,66.9,56.8,0.0
2025-10-01,2025,274,55.7,67.2,45.2,6.2
2025-10-02,2025,275,59.8,62.9,56.1,1.6
2025-10-03,2025,276,65.8,60.6,51.2,10.2
2025-10-04,2025,277,56.8,64.8,44.8,0.0
2025-10-05,2025,278,62.4,68.8,49.3,0.8
2025-10-06,2025,279,46.7,56.3,43.1,7.2
2025-10-07,2025,280,53.3,60.8,47.8,0.0
2025-10-08,2025,281,54.2,65.2,43.6,0.0
2025-10-09,2025,282,51.5,62.5,41.9,0.0
2025-10-10,2025,283,47.2,61.1,53.6,0.0
2025-10-11,2025,284,49.9,63.1,48.2,0.0
2025-10-12,2025,285,51.9,58.0,43.9,0.0
2025-10-13,2025,286,50.9,59.2,39.6,0.0
2025-10-14,2025,287,57.9,58.7,45.1,0.0
2025-10-15,2025,288,49.2,51.9,40.0,2.6
2025-10-16,2025,289,49.3,60.1,46.6,0.0
2025-10-17,2025,290,49.7,60.4,43.6,0.0
2025-10-18,2025,291,49.5,57.5,43.4,0.0
2025-10-19,2025,292,40.3,54.3,45.1,0.0
2025-10-20,2025,293,59.4,52.0,43.0,15.8
2025-10-21,2025,294,53.0,57.8,34.0,0.0
2025-10-22,2025,295,46.2,50.8,44.8,5.8
2025-10-23,2025,296,53.0,56.4,39.8,5.5
2025-10-24,2025,297,47.8,57.9,41.1,0.0
2025-10-25,2025,298,41.7,55.8,38.2,0.0
2025-10-26,2025,299,36.8,46.7,39.7,0.0
2025-10-27,2025,300,42.1,45.4,35.9,3.6
2025-10-28,2025,301,45.6,51.0,38.0,0.0
2025-10-29,2025,302,38.7,54.7,40.1,0.0
2025-10-30,2025,303,43.3,52.2,39.3,6.2
2025-10-31,2025,304,42.0,48.8,34.5,0.0
2025-11-01,2025,305,47.9,46.8,23.1,0.0
2025-11-02,2025,306,37.4,48.9,32.8,0.0
2025-11-03,2025,307,38.0,54.8,32.7,0.0
2025-11-04,2025,308,40.4,47.5,32.3,0.0
2025-11-05,2025,309,29.4,48.3,31.4,2.5
2025-11-06,2025,310,38.9,45.4,33.1,0.0
2025-11-07,2025,311,40.2,43.1,26.7,0.0
2025-11-08,2025,312,39.0,42.6,34.4,0.0
2025-11-09,2025,313,41.3,55.0,34.5,0.0
2025-11-10,2025,314,30.1,44.9,36.6,0.0
2025-11-11,2025,315,32.1,45.7,32.3,5.1
2025-11-12,2025,316,34.9,44.4,37.1,0.0
2025-11-13,2025,317,24.6,52.5,23.6,4.4
2025-11-14,2025,318,41.3,39.7,25.1,0.0
2025-11-15,2025,319,35.2,42.4,22.1,0.0
2025-11-16,2025,320,38.5,43.8,27.8,0.0
2025-11-17,2025,321,42.9,41.1,25.2,0.0
2025-11-18,2025,322,34.2,33.2,29.6,1.4
2025-11-19,2025,323,41.1,45.1,34.6,0.0
2025-11-20,2025,324,28.1,42.5,29.9,2.9
2025-11-21,2025,325,27.3,39.0,23.9,12.5
2025-11-22,2025,326,35.6,40.6,21.1,7.7
2025-11-23,2025,327,30.9,38.2,30.4,0.0
2025-11-24,2025,328,35.3,32.7,25.9,0.0
2025-11-25,2025,329,40.8,37.5,21.6,0.0
2025-11-26,2025,330,34.1,37.3,23.1,0.0
2025-11-27,2025,331,31.3,35.9,17.4,1.2
2025-11-28,2025,332,28.1,36.1,28.6,0.7
2025-11-29,2025,333,30.5,43.0,30.6,3.7
2025-11-30,2025,334,19.3,39.3,19.6,0.0
2025-12-01,2025,335,36.7,43.0,25.1,0.0
2025-12-02,2025,336,29.0,37.5,18.7,4.0
2025-12-03,2025,337,32.2,32.7,18.7,1.9
2025-12-04,2025,338,27.4,38.7,23.3,3.0
2025-12-05,2025,339,37.3,36.5,25.3,12.9
2025-12-06,2025,340,20.7,41.6,23.0,0.0
2025-12-07,2025,341,27.1,29.4,25.6,0.0
2025-12-08,2025,342,32.2,39.3,17.5,0.0
2025-12-09,2025,343,28.3,41.7,18.2,4.7
2025-12-10,2025,344,23.0,33.2,21.7,0.0
2025-12-11,2025,345,30.4,36.8,12.1,0.0
2025-12-12,2025,346,27.9,34.6,13.3,1.1
2025-12-13,2025,347,19.8,29.1,14.7,0.0
2025-12-14,2025,348,22.1,34.7,18.4,0.0
2025-12-15,2025,349,31.7,29.8,24.6,0.0
2025-12-16,2025,350,25.0,31.7,17.0,4.6
2025-12-17,2025,351,21.9,38.5,16.4,0.0
2025-12-18,2025,352,28.5,30.2,17.4,0.0
2025-12-19,2025,353,36.7,33.2,12.6,0.0
2025-12-20,2025,354,24.4,32.2,17.1,0.0
2025-12-21,2025,355,18.2,37.8,18.8,0.0
2025-12-22,2025,356,24.7,34.1,21.4,4.0
2025-12-23,2025,357,26.7,30.9,19.0,0.0
2025-12-24,2025,358,19.5,26.2,22.7,0.0
2025-12-25,2025,359,24.7,35.2,17.9,0.0
2025-12-26,2025,360,16.0,31.0,22.0,2.4
2025-12-27,2025,361,37.2,32.2,17.9,8.9
2025-12-28,2025,362,27.8,27.5,16.0,0.0
2025-12-29,2025,363,20.5,29.7,18.9,3.4
2025-12-30,2025,364,26.4,34.1,19.0,0.0
2025-12-31,2025,365,25.4,23.4,16.5,0.0
